id,name,sameAs,validThrough,validFrom
ocd-division/country:ru,Russian Federation,,,
ocd-division/country:ru/state:ad,Republic of Adygea,,,
ocd-division/country:ru/state:ad/ed:1,Adygea,ocd-division/country:ru/state:ad/ed:adygea,,
ocd-division/country:ru/state:ad/ed:adygea,Adygea,,,
ocd-division/country:ru/state:al,Altai Republic,,,
ocd-division/country:ru/state:al/ed:2,Altai,ocd-division/country:ru/state:al/ed:altai,,
ocd-division/country:ru/state:al/ed:altai,Altai,,,
ocd-division/country:ru/state:alt,Altai Krai,,,
ocd-division/country:ru/state:alt/ed:39,Barnaulsky,ocd-division/country:ru/state:alt/ed:barnaulsky,,
ocd-division/country:ru/state:alt/ed:40,Rubtsovsky,,2025-05-23,
ocd-division/country:ru/state:alt/ed:41,Biysk,ocd-division/country:ru/state:alt/ed:biysk,,
ocd-division/country:ru/state:alt/ed:42,Slavgorod,ocd-division/country:ru/state:alt/ed:slavgorod,,
ocd-division/country:ru/state:alt/ed:barnaulsky,Barnaulsky,,,
ocd-division/country:ru/state:alt/ed:biysk,Biysk,,,
ocd-division/country:ru/state:alt/ed:slavgorod,Slavgorod,,,
ocd-division/country:ru/state:amu,Amur Oblast,,,
ocd-division/country:ru/state:amu/ed:71,Amursky,ocd-division/country:ru/state:amu/ed:amursky,,
ocd-division/country:ru/state:amu/ed:amursky,Amursky,,,
ocd-division/country:ru/state:ark,Arkhangelsk Oblast,,,
ocd-division/country:ru/state:ark/ed:72,Arkhangelsky,ocd-division/country:ru/state:ark/ed:arkhangelsky,,
ocd-division/country:ru/state:ark/ed:73,Kotlas,ocd-division/country:ru/state:ark/ed:kotlas,,
ocd-division/country:ru/state:ark/ed:arkhangelsky,Arkhangelsky,,,
ocd-division/country:ru/state:ark/ed:kotlas,Kotlas,,,
ocd-division/country:ru/state:ast,Astrakhan Oblast,,,
ocd-division/country:ru/state:ast/ed:74,Astrakhan,ocd-division/country:ru/state:ast/ed:astrakhan,,
ocd-division/country:ru/state:ast/ed:astrakhan,Astrakhan,,,
ocd-division/country:ru/state:ba,Republic of Bashkortostan,,,
ocd-division/country:ru/state:ba/ed:3,Ufimsky,ocd-division/country:ru/state:ba/ed:ufimsky,,
ocd-division/country:ru/state:ba/ed:4,Blagoveshchensky,ocd-division/country:ru/state:ba/ed:blagoveshchensky,,
ocd-division/country:ru/state:ba/ed:5,Beloretsky,ocd-division/country:ru/state:ba/ed:beloretsky,,
ocd-division/country:ru/state:ba/ed:6,Neftekamsk,ocd-division/country:ru/state:ba/ed:neftekamsk,,
ocd-division/country:ru/state:ba/ed:7,Salavat,ocd-division/country:ru/state:ba/ed:salavat,,
ocd-division/country:ru/state:ba/ed:8,Sterlitamak,ocd-division/country:ru/state:ba/ed:sterlitamak,,
ocd-division/country:ru/state:ba/ed:beloretsky,Beloretsky,,,
ocd-division/country:ru/state:ba/ed:blagoveshchensky,Blagoveshchensky,,,
ocd-division/country:ru/state:ba/ed:neftekamsk,Neftekamsk,,,
ocd-division/country:ru/state:ba/ed:salavat,Salavat,,,
ocd-division/country:ru/state:ba/ed:sterlitamak,Sterlitamak,,,
ocd-division/country:ru/state:ba/ed:ufimsky,Ufimsky,,,
ocd-division/country:ru/state:bel,Belgorod Oblast,,,
ocd-division/country:ru/state:bel/ed:75,Belgorodsky,ocd-division/country:ru/state:bel/ed:belgorodsky,,
ocd-division/country:ru/state:bel/ed:76,Stary Oskol,ocd-division/country:ru/state:bel/ed:stary_oskol,,
ocd-division/country:ru/state:bel/ed:belgorodsky,Belgorodsky,,,
ocd-division/country:ru/state:bel/ed:stary_oskol,Stary Oskol,,,
ocd-division/country:ru/state:bry,Bryansk Oblast,,,
ocd-division/country:ru/state:bry/ed:77,Bryansky,ocd-division/country:ru/state:bry/ed:bryansky,,
ocd-division/country:ru/state:bry/ed:78,Unecha,ocd-division/country:ru/state:bry/ed:unecha,,
ocd-division/country:ru/state:bry/ed:bryansky,Bryansky,,,
ocd-division/country:ru/state:bry/ed:unecha,Unecha,,,
ocd-division/country:ru/state:bu,Republic of Buryatia,,,
ocd-division/country:ru/state:bu/ed:9,Buryatia,ocd-division/country:ru/state:bu/ed:buryatia,,
ocd-division/country:ru/state:bu/ed:buryatia,Buryatia,,,
ocd-division/country:ru/state:ce,Chechen Republic,,,
ocd-division/country:ru/state:ce/ed:36,Chechnya,ocd-division/country:ru/state:ce/ed:chechnya,,
ocd-division/country:ru/state:ce/ed:chechnya,Chechnya,,,
ocd-division/country:ru/state:che,Chelyabinsk Oblast,,,
ocd-division/country:ru/state:che/ed:189,Chelyabinsk,ocd-division/country:ru/state:che/ed:chelyabinsk,,
ocd-division/country:ru/state:che/ed:190,Metallurgichesky,ocd-division/country:ru/state:che/ed:metallurgichesky,,
ocd-division/country:ru/state:che/ed:191,Korkino,ocd-division/country:ru/state:che/ed:korkino,,
ocd-division/country:ru/state:che/ed:192,Magnitogorsk,ocd-division/country:ru/state:che/ed:magnitogorsk,,
ocd-division/country:ru/state:che/ed:193,Zlatoust,ocd-division/country:ru/state:che/ed:zlatoust,,
ocd-division/country:ru/state:che/ed:chelyabinsk,Chelyabinsk,,,
ocd-division/country:ru/state:che/ed:korkino,Korkino,,,
ocd-division/country:ru/state:che/ed:magnitogorsk,Magnitogorsk,,,
ocd-division/country:ru/state:che/ed:metallurgichesky,Metallurgichesky,,,
ocd-division/country:ru/state:che/ed:zlatoust,Zlatoust,,,
ocd-division/country:ru/state:chu,Chukotka Autonomous Okrug,,,
ocd-division/country:ru/state:chu/ed:224,Chukotsky,ocd-division/country:ru/state:chu/ed:chukotsky,,
ocd-division/country:ru/state:chu/ed:chukotsky,Chukotsky,,,
ocd-division/country:ru/state:cu,Chuvash Republic,,,
ocd-division/country:ru/state:cu/ed:37,Kanash,ocd-division/country:ru/state:cu/ed:kanash,,
ocd-division/country:ru/state:cu/ed:38,Cheboksarsky,ocd-division/country:ru/state:cu/ed:cheboksarsky,,
ocd-division/country:ru/state:cu/ed:cheboksarsky,Cheboksarsky,,,
ocd-division/country:ru/state:cu/ed:kanash,Kanash,,,
ocd-division/country:ru/state:da,Republic of Dagestan,,,
ocd-division/country:ru/state:da/ed:10,Makhachkala,ocd-division/country:ru/state:da/ed:makhachkala,,
ocd-division/country:ru/state:da/ed:11,Buynaksk,ocd-division/country:ru/state:da/ed:buynaksk,,
ocd-division/country:ru/state:da/ed:12,Derbent,ocd-division/country:ru/state:da/ed:derbent,,
ocd-division/country:ru/state:da/ed:buynaksk,Buynaksk,,,
ocd-division/country:ru/state:da/ed:derbent,Derbent,,,
ocd-division/country:ru/state:da/ed:makhachkala,Makhachkala,,,
ocd-division/country:ru/state:in,Republic of Ingushetia,,,
ocd-division/country:ru/state:in/ed:13,Ingushetia,ocd-division/country:ru/state:in/ed:ingushetia,,
ocd-division/country:ru/state:in/ed:ingushetia,Ingushetia,,,
ocd-division/country:ru/state:irk,Irkutsk Oblast,,,
ocd-division/country:ru/state:irk/ed:93,Irkutsky,ocd-division/country:ru/state:irk/ed:irkutsky,,
ocd-division/country:ru/state:irk/ed:94,Angarsk,ocd-division/country:ru/state:irk/ed:angarsk,,
ocd-division/country:ru/state:irk/ed:95,Shelekhov,ocd-division/country:ru/state:irk/ed:shelekhov,,
ocd-division/country:ru/state:irk/ed:96,Bratsk,ocd-division/country:ru/state:irk/ed:bratsk,,
ocd-division/country:ru/state:irk/ed:angarsk,Angarsk,,,
ocd-division/country:ru/state:irk/ed:bratsk,Bratsk,,,
ocd-division/country:ru/state:irk/ed:irkutsky,Irkutsky,,,
ocd-division/country:ru/state:irk/ed:shelekhov,Shelekhov,,,
ocd-division/country:ru/state:iva,Ivanovo Oblast,,,
ocd-division/country:ru/state:iva/ed:91,Ivanovo,,2025-05-23,
ocd-division/country:ru/state:iva/ed:92,Kineshma,,2025-05-23,
ocd-division/country:ru/state:iva/ed:ivanovo,Ivanovo,,,2025-05-23
ocd-division/country:ru/state:kam,Kamchatka Krai,,,
ocd-division/country:ru/state:kam/ed:45,Kamchatka,ocd-division/country:ru/state:kam/ed:kamchatka,,
ocd-division/country:ru/state:kam/ed:kamchatka,Kamchatka,,,
ocd-division/country:ru/state:kb,Kabardino-Balkarian Republic,,,
ocd-division/country:ru/state:kb/ed:14,Kabardino-Balkaria,ocd-division/country:ru/state:kb/ed:kabardino-balkaria,,
ocd-division/country:ru/state:kb/ed:kabardino-balkaria,Kabardino-Balkaria,,,
ocd-division/country:ru/state:kc,Karachay-Cherkess Republic,,,
ocd-division/country:ru/state:kc/ed:16,Karachay-Cherkessia,ocd-division/country:ru/state:kc/ed:karachay-cherkessia,,
ocd-division/country:ru/state:kc/ed:karachay-cherkessia,Karachay-Cherkessia,,,
ocd-division/country:ru/state:kda,Krasnodar Krai,,,
ocd-division/country:ru/state:kda/ed:46,Krasnodar,,2025-05-23,
ocd-division/country:ru/state:kda/ed:47,Krasnoarmeyskiy,,2025-05-23,
ocd-division/country:ru/state:kda/ed:48,Slavic,,2025-05-23,
ocd-division/country:ru/state:kda/ed:49,Tuapse,,2025-05-23,
ocd-division/country:ru/state:kda/ed:50,Sochi,,2025-05-23,
ocd-division/country:ru/state:kda/ed:51,Tikhoretsk,,2025-05-23,
ocd-division/country:ru/state:kda/ed:52,Armavir,,2025-05-23,
ocd-division/country:ru/state:kda/ed:53,Kanev,,2025-05-23,
ocd-division/country:ru/state:kda/ed:chernomorsky,Chernomorsky,,,2025-05-23
ocd-division/country:ru/state:kda/ed:krasnodar_-_central,Krasnodar - Central,,,2025-05-23
ocd-division/country:ru/state:kda/ed:krasnodar_-_east,Krasnodar - East,,,2025-05-23
ocd-division/country:ru/state:kda/ed:krasnodar_-_north,Krasnodar - North,,,2025-05-23
ocd-division/country:ru/state:kda/ed:krasnodar_-_north-west,Krasnodar - North-West,,,2025-05-23
ocd-division/country:ru/state:kda/ed:krasnodar_-_south,Krasnodar - South,,,2025-05-23
ocd-division/country:ru/state:kda/ed:krasnodar_-_south-east,Krasnodar - South-East,,,2025-05-23
ocd-division/country:ru/state:kda/ed:krasnodar_-_south-west,Krasnodar - South-West,,,2025-05-23
ocd-division/country:ru/state:kda/ed:krasnodar_-_west,Krasnodar - West,,,2025-05-23
ocd-division/country:ru/state:kem,Kemerovo Oblast,,,
ocd-division/country:ru/state:kem/ed:101,Kemerovsky,ocd-division/country:ru/state:kem/ed:kemerovsky,,
ocd-division/country:ru/state:kem/ed:102,Prokopyevsky,ocd-division/country:ru/state:kem/ed:prokopyevsky,,
ocd-division/country:ru/state:kem/ed:103,Zavodsky,ocd-division/country:ru/state:kem/ed:zavodsky,,
ocd-division/country:ru/state:kem/ed:104,Novokuznetsky,ocd-division/country:ru/state:kem/ed:novokuznetsky,,
ocd-division/country:ru/state:kem/ed:kemerovsky,Kemerovsky,,,
ocd-division/country:ru/state:kem/ed:novokuznetsky,Novokuznetsky,,,
ocd-division/country:ru/state:kem/ed:prokopyevsky,Prokopyevsky,,,
ocd-division/country:ru/state:kem/ed:zavodsky,Zavodsky,,,
ocd-division/country:ru/state:kgd,Kaliningrad Oblast,,,
ocd-division/country:ru/state:kgd/ed:97,Kaliningradsky,ocd-division/country:ru/state:kgd/ed:kaliningradsky,,
ocd-division/country:ru/state:kgd/ed:98,Kaliningrad - Central,ocd-division/country:ru/state:kgd/ed:kaliningrad_-_central,,
ocd-division/country:ru/state:kgd/ed:kaliningrad_-_central,Kaliningrad - Central,,,
ocd-division/country:ru/state:kgd/ed:kaliningradsky,Kaliningradsky,,,
ocd-division/country:ru/state:kgn,Kurgan Oblast,,,
ocd-division/country:ru/state:kgn/ed:108,Kurgan,ocd-division/country:ru/state:kgn/ed:kurgan,,
ocd-division/country:ru/state:kgn/ed:kurgan,Kurgan,,,
ocd-division/country:ru/state:kha,Khabarovsk Krai,,,
ocd-division/country:ru/state:kha/ed:69,Khabarovsky,ocd-division/country:ru/state:kha/ed:khabarovsky,,
ocd-division/country:ru/state:kha/ed:70,Komsomolsky,ocd-division/country:ru/state:kha/ed:komsomolsky,,
ocd-division/country:ru/state:kha/ed:khabarovsky,Khabarovsky,,,
ocd-division/country:ru/state:kha/ed:komsomolsky,Komsomolsky,,,
ocd-division/country:ru/state:khm,Khanty-Mansi Autonomous Okrug–Yugra,,,
ocd-division/country:ru/state:khm/ed:222,Khanty-Mansiysky,ocd-division/country:ru/state:khm/ed:khanty-mansiysky,,
ocd-division/country:ru/state:khm/ed:223,Nizhnevartovsky,ocd-division/country:ru/state:khm/ed:nizhnevartovsky,,
ocd-division/country:ru/state:khm/ed:khanty-mansiysky,Khanty-Mansiysky,,,
ocd-division/country:ru/state:khm/ed:nizhnevartovsky,Nizhnevartovsky,,,
ocd-division/country:ru/state:kir,Kirov Oblast,,,
ocd-division/country:ru/state:kir/ed:105,Kirovsky,ocd-division/country:ru/state:kir/ed:kirovsky,,
ocd-division/country:ru/state:kir/ed:106,Kirovo-Chepetsky,ocd-division/country:ru/state:kir/ed:kirovo-chepetsky,,
ocd-division/country:ru/state:kir/ed:kirovo-chepetsky,Kirovo-Chepetsky,,,
ocd-division/country:ru/state:kir/ed:kirovsky,Kirovsky,,,
ocd-division/country:ru/state:kk,Republic of Khakassia,,,
ocd-division/country:ru/state:kk/ed:35,Khakassia,ocd-division/country:ru/state:kk/ed:khakassia,,
ocd-division/country:ru/state:kk/ed:khakassia,Khakassia,,,
ocd-division/country:ru/state:kl,Republic of Kalmykia,,,
ocd-division/country:ru/state:kl/ed:15,Kalmykia,ocd-division/country:ru/state:kl/ed:kalmykia,,
ocd-division/country:ru/state:kl/ed:kalmykia,Kalmykia,,,
ocd-division/country:ru/state:klu,Kaluga Oblast,,,
ocd-division/country:ru/state:klu/ed:100,Obninsk,,2025-05-23,
ocd-division/country:ru/state:klu/ed:99,Kaluga,,2025-05-23,
ocd-division/country:ru/state:klu/ed:kaluga,Kaluga,,,2025-05-23
ocd-division/country:ru/state:ko,Komi Republic,,,
ocd-division/country:ru/state:ko/ed:18,Syktyvkar,ocd-division/country:ru/state:ko/ed:syktyvkar,,
ocd-division/country:ru/state:ko/ed:syktyvkar,Syktyvkar,,,
ocd-division/country:ru/state:kos,Kostroma Oblast,,,
ocd-division/country:ru/state:kos/ed:107,Kostroma,ocd-division/country:ru/state:kos/ed:kostroma,,
ocd-division/country:ru/state:kos/ed:kostroma,Kostroma,,,
ocd-division/country:ru/state:kr,Republic of Karelia,,,
ocd-division/country:ru/state:kr/ed:17,Karelia,ocd-division/country:ru/state:kr/ed:karelia,,
ocd-division/country:ru/state:kr/ed:karelia,Karelia,,,
ocd-division/country:ru/state:krs,Kursk Oblast,,,
ocd-division/country:ru/state:krs/ed:109,Kursky,ocd-division/country:ru/state:krs/ed:kursky,,
ocd-division/country:ru/state:krs/ed:110,Seimsky,ocd-division/country:ru/state:krs/ed:seimsky,,
ocd-division/country:ru/state:krs/ed:kursky,Kursky,,,
ocd-division/country:ru/state:krs/ed:seimsky,Seimsky,,,
ocd-division/country:ru/state:kya,Krasnoyarsk Krai,,,
ocd-division/country:ru/state:kya/ed:54,Krasnoyarsky,ocd-division/country:ru/state:kya/ed:krasnoyarsky,,
ocd-division/country:ru/state:kya/ed:55,Krasnoyarsk - Central,ocd-division/country:ru/state:kya/ed:krasnoyarsk_-_central,,
ocd-division/country:ru/state:kya/ed:56,Divnogorsk,ocd-division/country:ru/state:kya/ed:divnogorsk,,
ocd-division/country:ru/state:kya/ed:57,Yeniseysk,ocd-division/country:ru/state:kya/ed:yeniseysk,,
ocd-division/country:ru/state:kya/ed:divnogorsk,Divnogorsk,,,
ocd-division/country:ru/state:kya/ed:krasnoyarsk_-_central,Krasnoyarsk - Central,,,
ocd-division/country:ru/state:kya/ed:krasnoyarsky,Krasnoyarsky,,,
ocd-division/country:ru/state:kya/ed:yeniseysk,Yeniseysk,,,
ocd-division/country:ru/state:len,Leningrad Oblast,,,
ocd-division/country:ru/state:len/ed:111,Vsevolozhsky,ocd-division/country:ru/state:len/ed:vsevolozhsky,,
ocd-division/country:ru/state:len/ed:112,Gatchina,ocd-division/country:ru/state:len/ed:gatchina,,
ocd-division/country:ru/state:len/ed:113,Volkhovsky,ocd-division/country:ru/state:len/ed:volkhovsky,,
ocd-division/country:ru/state:len/ed:gatchina,Gatchina,,,
ocd-division/country:ru/state:len/ed:volkhovsky,Volkhovsky,,,
ocd-division/country:ru/state:len/ed:vsevolozhsky,Vsevolozhsky,,,
ocd-division/country:ru/state:lip,Lipetsk Oblast,,,
ocd-division/country:ru/state:lip/ed:114,Lipetsky,ocd-division/country:ru/state:lip/ed:lipetsky,,
ocd-division/country:ru/state:lip/ed:115,Levoberezhny,ocd-division/country:ru/state:lip/ed:levoberezhny,,
ocd-division/country:ru/state:lip/ed:levoberezhny,Levoberezhny,,,
ocd-division/country:ru/state:lip/ed:lipetsky,Lipetsky,,,
ocd-division/country:ru/state:mag,Magadan Oblast,,,
ocd-division/country:ru/state:mag/ed:116,Magadan,ocd-division/country:ru/state:mag/ed:magadan,,
ocd-division/country:ru/state:mag/ed:magadan,Magadan,,,
ocd-division/country:ru/state:me,Mari El Republic,,,
ocd-division/country:ru/state:me/ed:22,Mari El,ocd-division/country:ru/state:me/ed:mari_el,,
ocd-division/country:ru/state:me/ed:mari_el,Mari El,,,
ocd-division/country:ru/state:mo,Republic of Mordovia,,,
ocd-division/country:ru/state:mo/ed:23,Mordovia,ocd-division/country:ru/state:mo/ed:mordovia,,
ocd-division/country:ru/state:mo/ed:mordovia,Mordovia,,,
ocd-division/country:ru/state:mos,Moscow Oblast,,,
ocd-division/country:ru/state:mos/ed:117,Balashikha,ocd-division/country:ru/state:mos/ed:balashikha,,
ocd-division/country:ru/state:mos/ed:118,Dmitrovsky,ocd-division/country:ru/state:mos/ed:dmitrovsky,,
ocd-division/country:ru/state:mos/ed:119,Kolomensky,ocd-division/country:ru/state:mos/ed:kolomensky,,
ocd-division/country:ru/state:mos/ed:120,Krasnogorsky,ocd-division/country:ru/state:mos/ed:krasnogorsky,,
ocd-division/country:ru/state:mos/ed:121,Lyubertsy,ocd-division/country:ru/state:mos/ed:lyubertsy,,
ocd-division/country:ru/state:mos/ed:122,Odintsovo,ocd-division/country:ru/state:mos/ed:odintsovo,,
ocd-division/country:ru/state:mos/ed:123,Orekhovo-Zuyevo,ocd-division/country:ru/state:mos/ed:orekhovo-zuyevo,,
ocd-division/country:ru/state:mos/ed:124,Podolsk,ocd-division/country:ru/state:mos/ed:podolsk,,
ocd-division/country:ru/state:mos/ed:125,Sergiyev Posad,ocd-division/country:ru/state:mos/ed:sergiyev_posad,,
ocd-division/country:ru/state:mos/ed:126,Serpukhov,ocd-division/country:ru/state:mos/ed:serpukhov,,
ocd-division/country:ru/state:mos/ed:127,Shchyolkovo,ocd-division/country:ru/state:mos/ed:shchyolkovo,,
ocd-division/country:ru/state:mos/ed:balashikha,Balashikha,,,
ocd-division/country:ru/state:mos/ed:dmitrovsky,Dmitrovsky,,,
ocd-division/country:ru/state:mos/ed:kolomensky,Kolomensky,,,
ocd-division/country:ru/state:mos/ed:krasnogorsky,Krasnogorsky,,,
ocd-division/country:ru/state:mos/ed:lyubertsy,Lyubertsy,,,
ocd-division/country:ru/state:mos/ed:mytishchinsky,Mytishchinsky,,,2025-05-23
ocd-division/country:ru/state:mos/ed:odintsovo,Odintsovo,,,
ocd-division/country:ru/state:mos/ed:orekhovo-zuyevo,Orekhovo-Zuyevo,,,
ocd-division/country:ru/state:mos/ed:podolsk,Podolsk,,,
ocd-division/country:ru/state:mos/ed:sergiyev_posad,Sergiyev Posad,,,
ocd-division/country:ru/state:mos/ed:serpukhov,Serpukhov,,,
ocd-division/country:ru/state:mos/ed:shchyolkovo,Shchyolkovo,,,
ocd-division/country:ru/state:mow,Moscow,,,
ocd-division/country:ru/state:mow/ed:196,Babushkinsky,ocd-division/country:ru/state:mow/ed:babushkinsky,,
ocd-division/country:ru/state:mow/ed:197,Kuntsevo,ocd-division/country:ru/state:mow/ed:kuntsevo,,
ocd-division/country:ru/state:mow/ed:198,Leningradsky,ocd-division/country:ru/state:mow/ed:leningradsky,,
ocd-division/country:ru/state:mow/ed:199,Lyublino,ocd-division/country:ru/state:mow/ed:lyublino,,
ocd-division/country:ru/state:mow/ed:200,Medvedkovo,ocd-division/country:ru/state:mow/ed:medvedkovo,,
ocd-division/country:ru/state:mow/ed:201,Nagatino,ocd-division/country:ru/state:mow/ed:nagatino,,
ocd-division/country:ru/state:mow/ed:202,Novomoskovsky,ocd-division/country:ru/state:mow/ed:novomoskovsky,,
ocd-division/country:ru/state:mow/ed:203,Orekhovo–Borisovo,ocd-division/country:ru/state:mow/ed:orekhovo-borisovo,,
ocd-division/country:ru/state:mow/ed:204,Perovo,ocd-division/country:ru/state:mow/ed:perovo,,
ocd-division/country:ru/state:mow/ed:205,Preobrazhensky,ocd-division/country:ru/state:mow/ed:preobrazhensky,,
ocd-division/country:ru/state:mow/ed:206,Tushinsky,ocd-division/country:ru/state:mow/ed:tushinsky,,
ocd-division/country:ru/state:mow/ed:207,Khovrino,ocd-division/country:ru/state:mow/ed:khovrino,,
ocd-division/country:ru/state:mow/ed:208,Moscow City - Central,ocd-division/country:ru/state:mow/ed:moscow_city_-_central,,
ocd-division/country:ru/state:mow/ed:209,Cheryomushkinsky,ocd-division/country:ru/state:mow/ed:cheryomushkinsky,,
ocd-division/country:ru/state:mow/ed:210,Chertanovsky,ocd-division/country:ru/state:mow/ed:chertanovsky,,
ocd-division/country:ru/state:mow/ed:babushkinsky,Babushkinsky,,,
ocd-division/country:ru/state:mow/ed:chertanovsky,Chertanovsky,,,
ocd-division/country:ru/state:mow/ed:cheryomushkinsky,Cheryomushkinsky,,,
ocd-division/country:ru/state:mow/ed:khovrino,Khovrino,,,
ocd-division/country:ru/state:mow/ed:kuntsevo,Kuntsevo,,,
ocd-division/country:ru/state:mow/ed:leningradsky,Leningradsky,,,
ocd-division/country:ru/state:mow/ed:lyublino,Lyublino,,,
ocd-division/country:ru/state:mow/ed:medvedkovo,Medvedkovo,,,
ocd-division/country:ru/state:mow/ed:moscow_city_-_central,Moscow City - Central,,,
ocd-division/country:ru/state:mow/ed:nagatino,Nagatino,,,
ocd-division/country:ru/state:mow/ed:novomoskovsky,Novomoskovsky,,,
ocd-division/country:ru/state:mow/ed:orekhovo-borisovo,Orekhovo–Borisovo,,,
ocd-division/country:ru/state:mow/ed:perovo,Perovo,,,
ocd-division/country:ru/state:mow/ed:preobrazhensky,Preobrazhensky,,,
ocd-division/country:ru/state:mow/ed:solntsevsky,Solntsevsky,,,2025-05-23
ocd-division/country:ru/state:mow/ed:tushinsky,Tushinsky,,,
ocd-division/country:ru/state:mur,Murmansk Oblast,,,
ocd-division/country:ru/state:mur/ed:128,Murmansk,ocd-division/country:ru/state:mur/ed:murmansk,,
ocd-division/country:ru/state:mur/ed:murmansk,Murmansk,,,
ocd-division/country:ru/state:nen,Nenets Autonomous Okrug,,,
ocd-division/country:ru/state:nen/ed:221,Nenetsky,ocd-division/country:ru/state:nen/ed:nenetsky,,
ocd-division/country:ru/state:nen/ed:nenetsky,Nenetsky,,,
ocd-division/country:ru/state:ngr,Novgorod Oblast,,,
ocd-division/country:ru/state:ngr/ed:134,Novgorod,ocd-division/country:ru/state:ngr/ed:novgorod,,
ocd-division/country:ru/state:ngr/ed:novgorod,Novgorod,,,
ocd-division/country:ru/state:niz,Nizhny Novgorod Region,,,
ocd-division/country:ru/state:niz/ed:129,Nizhegorodsky,ocd-division/country:ru/state:niz/ed:nizhegorodsky,,
ocd-division/country:ru/state:niz/ed:130,Prioksky,ocd-division/country:ru/state:niz/ed:prioksky,,
ocd-division/country:ru/state:niz/ed:131,Avtozavodsky,ocd-division/country:ru/state:niz/ed:avtozavodsky,,
ocd-division/country:ru/state:niz/ed:132,Kanavinsky,ocd-division/country:ru/state:niz/ed:kanavinsky,,
ocd-division/country:ru/state:niz/ed:133,Borsky,ocd-division/country:ru/state:niz/ed:borsky,,
ocd-division/country:ru/state:niz/ed:avtozavodsky,Avtozavodsky,,,
ocd-division/country:ru/state:niz/ed:borsky,Borsky,,,
ocd-division/country:ru/state:niz/ed:kanavinsky,Kanavinsky,,,
ocd-division/country:ru/state:niz/ed:nizhegorodsky,Nizhegorodsky,,,
ocd-division/country:ru/state:niz/ed:prioksky,Prioksky,,,
ocd-division/country:ru/state:nvs,Novosibirsk Oblast,,,
ocd-division/country:ru/state:nvs/ed:135,Novosibirsky,ocd-division/country:ru/state:nvs/ed:novosibirsky,,
ocd-division/country:ru/state:nvs/ed:136,Novosibirsk - Central,ocd-division/country:ru/state:nvs/ed:novosibirsk_-_central,,
ocd-division/country:ru/state:nvs/ed:137,Iskitim,ocd-division/country:ru/state:nvs/ed:iskitim,,
ocd-division/country:ru/state:nvs/ed:138,Barabinsk,ocd-division/country:ru/state:nvs/ed:barabinsk,,
ocd-division/country:ru/state:nvs/ed:barabinsk,Barabinsk,,,
ocd-division/country:ru/state:nvs/ed:iskitim,Iskitim,,,
ocd-division/country:ru/state:nvs/ed:novosibirsk_-_central,Novosibirsk - Central,,,
ocd-division/country:ru/state:nvs/ed:novosibirsky,Novosibirsky,,,
ocd-division/country:ru/state:oms,Omsk Oblast,,,
ocd-division/country:ru/state:oms/ed:139,Omsky,ocd-division/country:ru/state:oms/ed:omsky,,
ocd-division/country:ru/state:oms/ed:140,Moskalenki,ocd-division/country:ru/state:oms/ed:moskalenki,,
ocd-division/country:ru/state:oms/ed:141,Lyubinsky,ocd-division/country:ru/state:oms/ed:lyubinsky,,
ocd-division/country:ru/state:oms/ed:lyubinsky,Lyubinsky,,,
ocd-division/country:ru/state:oms/ed:moskalenki,Moskalenki,,,
ocd-division/country:ru/state:oms/ed:omsky,Omsky,,,
ocd-division/country:ru/state:ore,Orenburg Oblast,,,
ocd-division/country:ru/state:ore/ed:142,Orenburgsky,ocd-division/country:ru/state:ore/ed:orenburgsky,,
ocd-division/country:ru/state:ore/ed:143,Buguruslan,ocd-division/country:ru/state:ore/ed:buguruslan,,
ocd-division/country:ru/state:ore/ed:144,Orsk,ocd-division/country:ru/state:ore/ed:orsk,,
ocd-division/country:ru/state:ore/ed:buguruslan,Buguruslan,,,
ocd-division/country:ru/state:ore/ed:orenburgsky,Orenburgsky,,,
ocd-division/country:ru/state:ore/ed:orsk,Orsk,,,
ocd-division/country:ru/state:orl,Oryol Oblast,,,
ocd-division/country:ru/state:orl/ed:145,Orlovsky,ocd-division/country:ru/state:orl/ed:orlovsky,,
ocd-division/country:ru/state:orl/ed:orlovsky,Orlovsky,,,
ocd-division/country:ru/state:per,Perm Krai,,,
ocd-division/country:ru/state:per/ed:58,Permsky,ocd-division/country:ru/state:per/ed:permsky,,
ocd-division/country:ru/state:per/ed:59,Chusovskoy,ocd-division/country:ru/state:per/ed:chusovskoy,,
ocd-division/country:ru/state:per/ed:60,Kungur,ocd-division/country:ru/state:per/ed:kungur,,
ocd-division/country:ru/state:per/ed:61,Kudymkar,ocd-division/country:ru/state:per/ed:kudymkar,,
ocd-division/country:ru/state:per/ed:chusovskoy,Chusovskoy,,,
ocd-division/country:ru/state:per/ed:kudymkar,Kudymkar,,,
ocd-division/country:ru/state:per/ed:kungur,Kungur,,,
ocd-division/country:ru/state:per/ed:permsky,Permsky,,,
ocd-division/country:ru/state:pnz,Penza Oblast,,,
ocd-division/country:ru/state:pnz/ed:146,Penza,ocd-division/country:ru/state:pnz/ed:penza,,
ocd-division/country:ru/state:pnz/ed:147,Lermontovsky,ocd-division/country:ru/state:pnz/ed:lermontovsky,,
ocd-division/country:ru/state:pnz/ed:lermontovsky,Lermontovsky,,,
ocd-division/country:ru/state:pnz/ed:penza,Penza,,,
ocd-division/country:ru/state:pri,Primorsky Krai,,,
ocd-division/country:ru/state:pri/ed:62,Vladivostoksky,ocd-division/country:ru/state:pri/ed:vladivostoksky,,
ocd-division/country:ru/state:pri/ed:63,Artyomovsky,ocd-division/country:ru/state:pri/ed:artyomovsky,,
ocd-division/country:ru/state:pri/ed:64,Arsenyev,ocd-division/country:ru/state:pri/ed:arsenyev,,
ocd-division/country:ru/state:pri/ed:arsenyev,Arsenyev,,,
ocd-division/country:ru/state:pri/ed:artyomovsky,Artyomovsky,,,
ocd-division/country:ru/state:pri/ed:vladivostoksky,Vladivostoksky,,,
ocd-division/country:ru/state:psk,Pskov Oblast,,,
ocd-division/country:ru/state:psk/ed:148,Pskov,ocd-division/country:ru/state:psk/ed:pskov,,
ocd-division/country:ru/state:psk/ed:pskov,Pskov,,,
ocd-division/country:ru/state:ros,Rostov Oblast,,,
ocd-division/country:ru/state:ros/ed:149,Rostov,ocd-division/country:ru/state:ros/ed:rostov,,
ocd-division/country:ru/state:ros/ed:150,Lower Don,,2025-05-23,
ocd-division/country:ru/state:ros/ed:151,Taganrog,,2025-05-23,
ocd-division/country:ru/state:ros/ed:152,Southern,,2025-05-23,
ocd-division/country:ru/state:ros/ed:153,Belokalitvin,,2025-05-23,
ocd-division/country:ru/state:ros/ed:154,Shakhty,,2025-05-23,
ocd-division/country:ru/state:ros/ed:155,Volgodonsk,,2025-05-23,
ocd-division/country:ru/state:ros/ed:bataysk,Bataysk,,,2025-05-23
ocd-division/country:ru/state:ros/ed:belokalitvinskiy,Belokalitvinskiy,,,2025-05-23
ocd-division/country:ru/state:ros/ed:neklinovsky,Neklinovsky,,,2025-05-23
ocd-division/country:ru/state:ros/ed:novocherkassky,Novocherkassky,,,2025-05-23
ocd-division/country:ru/state:ros/ed:rostov,Rostov,,,
ocd-division/country:ru/state:ros/ed:ust-donetsky,Ust-Donetsky,,,2025-05-23
ocd-division/country:ru/state:rya,Ryazan Oblast,,,
ocd-division/country:ru/state:rya/ed:156,Ryazansky,ocd-division/country:ru/state:rya/ed:ryazansky,,
ocd-division/country:ru/state:rya/ed:157,Skopin,ocd-division/country:ru/state:rya/ed:skopin,,
ocd-division/country:ru/state:rya/ed:ryazansky,Ryazansky,,,
ocd-division/country:ru/state:rya/ed:skopin,Skopin,,,
ocd-division/country:ru/state:sa,Republic of Sakha (Yakutia),,,
ocd-division/country:ru/state:sa/ed:24,Yakutia,ocd-division/country:ru/state:sa/ed:yakutia,,
ocd-division/country:ru/state:sa/ed:yakutia,Yakutia,,,
ocd-division/country:ru/state:sak,Sakhalin Oblast,,,
ocd-division/country:ru/state:sak/ed:167,Sakhalin,ocd-division/country:ru/state:sak/ed:sakhalin,,
ocd-division/country:ru/state:sak/ed:sakhalin,Sakhalin,,,
ocd-division/country:ru/state:sam,Samara Oblast,,,
ocd-division/country:ru/state:sam/ed:158,Samarsky,ocd-division/country:ru/state:sam/ed:samarsky,,
ocd-division/country:ru/state:sam/ed:159,Tolyattinsky,ocd-division/country:ru/state:sam/ed:tolyattinsky,,
ocd-division/country:ru/state:sam/ed:160,Krasnoglinsky,ocd-division/country:ru/state:sam/ed:krasnoglinsky,,
ocd-division/country:ru/state:sam/ed:161,Zhigulevsk,ocd-division/country:ru/state:sam/ed:zhigulevsk,,
ocd-division/country:ru/state:sam/ed:162,Promyshlenny,ocd-division/country:ru/state:sam/ed:promyshlenny,,
ocd-division/country:ru/state:sam/ed:krasnoglinsky,Krasnoglinsky,,,
ocd-division/country:ru/state:sam/ed:promyshlenny,Promyshlenny,,,
ocd-division/country:ru/state:sam/ed:samarsky,Samarsky,,,
ocd-division/country:ru/state:sam/ed:tolyattinsky,Tolyattinsky,,,
ocd-division/country:ru/state:sam/ed:zhigulevsk,Zhigulevsk,,,
ocd-division/country:ru/state:sar,Saratov Oblast,,,
ocd-division/country:ru/state:sar/ed:163,Saratovsky,ocd-division/country:ru/state:sar/ed:saratovsky,,
ocd-division/country:ru/state:sar/ed:164,Balakovo,ocd-division/country:ru/state:sar/ed:balakovo,,
ocd-division/country:ru/state:sar/ed:165,Balashov,ocd-division/country:ru/state:sar/ed:balashov,,
ocd-division/country:ru/state:sar/ed:166,Engels,ocd-division/country:ru/state:sar/ed:engels,,
ocd-division/country:ru/state:sar/ed:balakovo,Balakovo,,,
ocd-division/country:ru/state:sar/ed:balashov,Balashov,,,
ocd-division/country:ru/state:sar/ed:engels,Engels,,,
ocd-division/country:ru/state:sar/ed:saratovsky,Saratovsky,,,
ocd-division/country:ru/state:se,Republic of North Ossetia–Alania,,,
ocd-division/country:ru/state:se/ed:25,North Ossetia,ocd-division/country:ru/state:se/ed:north_ossetia,,
ocd-division/country:ru/state:se/ed:north_ossetia,North Ossetia,,,
ocd-division/country:ru/state:smo,Smolensk Oblast,,,
ocd-division/country:ru/state:smo/ed:175,Smolensk,,2025-05-23,
ocd-division/country:ru/state:smo/ed:176,Roslavl,,2025-05-23,
ocd-division/country:ru/state:smo/ed:smolensk,Smolensk,,,2025-05-23
ocd-division/country:ru/state:spe,Saint Petersburg,,,
ocd-division/country:ru/state:spe/ed:211,City of Saint Petersburg - East,ocd-division/country:ru/state:spe/ed:city_of_saint_petersburg_-_east,,
ocd-division/country:ru/state:spe/ed:212,City of Saint Petersburg - West,ocd-division/country:ru/state:spe/ed:city_of_saint_petersburg_-_west,,
ocd-division/country:ru/state:spe/ed:213,City of Saint Petersburg - North,ocd-division/country:ru/state:spe/ed:city_of_saint_petersburg_-_north,,
ocd-division/country:ru/state:spe/ed:214,City of Saint Petersburg - North-East,ocd-division/country:ru/state:spe/ed:city_of_saint_petersburg_-_north-east,,
ocd-division/country:ru/state:spe/ed:215,City of Saint Petersburg - North-West,ocd-division/country:ru/state:spe/ed:city_of_saint_petersburg_-_north-west,,
ocd-division/country:ru/state:spe/ed:216,City of Saint Petersburg - Central,ocd-division/country:ru/state:spe/ed:city_of_saint_petersburg_-_central,,
ocd-division/country:ru/state:spe/ed:217,City of Saint Petersburg - South-East,ocd-division/country:ru/state:spe/ed:city_of_saint_petersburg_-_south-east,,
ocd-division/country:ru/state:spe/ed:218,City of Saint Petersburg - South,ocd-division/country:ru/state:spe/ed:city_of_saint_petersburg_-_south,,
ocd-division/country:ru/state:spe/ed:city_of_saint_petersburg_-_central,City of Saint Petersburg - Central,,,
ocd-division/country:ru/state:spe/ed:city_of_saint_petersburg_-_east,City of Saint Petersburg - East,,,
ocd-division/country:ru/state:spe/ed:city_of_saint_petersburg_-_north,City of Saint Petersburg - North,,,
ocd-division/country:ru/state:spe/ed:city_of_saint_petersburg_-_north-east,City of Saint Petersburg - North-East,,,
ocd-division/country:ru/state:spe/ed:city_of_saint_petersburg_-_north-west,City of Saint Petersburg - North-West,,,
ocd-division/country:ru/state:spe/ed:city_of_saint_petersburg_-_south,City of Saint Petersburg - South,,,
ocd-division/country:ru/state:spe/ed:city_of_saint_petersburg_-_south-east,City of Saint Petersburg - South-East,,,
ocd-division/country:ru/state:spe/ed:city_of_saint_petersburg_-_west,City of Saint Petersburg - West,,,
ocd-division/country:ru/state:sta,Stavropol Krai,,,
ocd-division/country:ru/state:sta/ed:65,Stavropolsky,ocd-division/country:ru/state:sta/ed:stavropolsky,,
ocd-division/country:ru/state:sta/ed:66,Nevinnomyssk,ocd-division/country:ru/state:sta/ed:nevinnomyssk,,
ocd-division/country:ru/state:sta/ed:67,Kavminvodsky,ocd-division/country:ru/state:sta/ed:kavminvodsky,,
ocd-division/country:ru/state:sta/ed:68,Georgiyevsk,ocd-division/country:ru/state:sta/ed:georgiyevsk,,
ocd-division/country:ru/state:sta/ed:georgiyevsk,Georgiyevsk,,,
ocd-division/country:ru/state:sta/ed:kavminvodsky,Kavminvodsky,,,
ocd-division/country:ru/state:sta/ed:nevinnomyssk,Nevinnomyssk,,,
ocd-division/country:ru/state:sta/ed:stavropolsky,Stavropolsky,,,
ocd-division/country:ru/state:sve,Sverdlovsk Oblast,,,
ocd-division/country:ru/state:sve/ed:168,Sverdlovsky,ocd-division/country:ru/state:sve/ed:sverdlovsky,,
ocd-division/country:ru/state:sve/ed:169,Kamensk-Uralsky,ocd-division/country:ru/state:sve/ed:kamensk-uralsky,,
ocd-division/country:ru/state:sve/ed:170,Beryozovsky,ocd-division/country:ru/state:sve/ed:beryozovsky,,
ocd-division/country:ru/state:sve/ed:171,Nizhny Tagil,ocd-division/country:ru/state:sve/ed:nizhny_tagil,,
ocd-division/country:ru/state:sve/ed:172,Asbest,ocd-division/country:ru/state:sve/ed:asbest,,
ocd-division/country:ru/state:sve/ed:173,Pervouralsk,ocd-division/country:ru/state:sve/ed:pervouralsk,,
ocd-division/country:ru/state:sve/ed:174,Serov,ocd-division/country:ru/state:sve/ed:serov,,
ocd-division/country:ru/state:sve/ed:asbest,Asbest,,,
ocd-division/country:ru/state:sve/ed:beryozovsky,Beryozovsky,,,
ocd-division/country:ru/state:sve/ed:kamensk-uralsky,Kamensk-Uralsky,,,
ocd-division/country:ru/state:sve/ed:nizhny_tagil,Nizhny Tagil,,,
ocd-division/country:ru/state:sve/ed:pervouralsk,Pervouralsk,,,
ocd-division/country:ru/state:sve/ed:serov,Serov,,,
ocd-division/country:ru/state:sve/ed:sverdlovsky,Sverdlovsky,,,
ocd-division/country:ru/state:ta,Republic of Tatarstan,,,
ocd-division/country:ru/state:ta/ed:26,Privolzhsky,ocd-division/country:ru/state:ta/ed:privolzhsky,,
ocd-division/country:ru/state:ta/ed:27,Moskovsky,ocd-division/country:ru/state:ta/ed:moskovsky,,
ocd-division/country:ru/state:ta/ed:28,Nizhnekamsk,ocd-division/country:ru/state:ta/ed:nizhnekamsk,,
ocd-division/country:ru/state:ta/ed:29,Naberezhnye Chelny,ocd-division/country:ru/state:ta/ed:naberezhnye_chelny,,
ocd-division/country:ru/state:ta/ed:30,Almetyevsk,ocd-division/country:ru/state:ta/ed:almetyevsk,,
ocd-division/country:ru/state:ta/ed:31,Tatarstan Central,ocd-division/country:ru/state:ta/ed:tatarstan_central,,
ocd-division/country:ru/state:ta/ed:almetyevsk,Almetyevsk,,,
ocd-division/country:ru/state:ta/ed:moskovsky,Moskovsky,,,
ocd-division/country:ru/state:ta/ed:naberezhnye_chelny,Naberezhnye Chelny,,,
ocd-division/country:ru/state:ta/ed:nizhnekamsk,Nizhnekamsk,,,
ocd-division/country:ru/state:ta/ed:privolzhsky,Privolzhsky,,,
ocd-division/country:ru/state:ta/ed:tatarstan_central,Tatarstan Central,,,
ocd-division/country:ru/state:tam,Tambov Oblast,,,
ocd-division/country:ru/state:tam/ed:177,Tambov,,2025-05-23,
ocd-division/country:ru/state:tam/ed:178,Rasskazovsky,,2025-05-23,
ocd-division/country:ru/state:tam/ed:tambov,Tambov,,,2025-05-23
ocd-division/country:ru/state:tom,Tomsk Oblast,,,
ocd-division/country:ru/state:tom/ed:181,Tomsk,,2025-05-23,
ocd-division/country:ru/state:tom/ed:182,Obsk,,2025-05-23,
ocd-division/country:ru/state:tom/ed:tomsk,Tomsk,,,2025-05-23
ocd-division/country:ru/state:tul,Tula Oblast,,,
ocd-division/country:ru/state:tul/ed:183,Tulsky,ocd-division/country:ru/state:tul/ed:tulsky,,
ocd-division/country:ru/state:tul/ed:184,Novomoskovsk,ocd-division/country:ru/state:tul/ed:novomoskovsk,,
ocd-division/country:ru/state:tul/ed:novomoskovsk,Novomoskovsk,,,
ocd-division/country:ru/state:tul/ed:tulsky,Tulsky,,,
ocd-division/country:ru/state:tve,Tver Oblast,,,
ocd-division/country:ru/state:tve/ed:179,Tverskoy,ocd-division/country:ru/state:tve/ed:tverskoy,,
ocd-division/country:ru/state:tve/ed:180,Zavolzhsky,ocd-division/country:ru/state:tve/ed:zavolzhsky,,
ocd-division/country:ru/state:tve/ed:tverskoy,Tverskoy,,,
ocd-division/country:ru/state:tve/ed:zavolzhsky,Zavolzhsky,,,
ocd-division/country:ru/state:ty,Tuva Republic,,,
ocd-division/country:ru/state:ty/ed:32,Tuva,ocd-division/country:ru/state:ty/ed:tuva,,
ocd-division/country:ru/state:ty/ed:tuva,Tuva,,,
ocd-division/country:ru/state:tyu,Tyumen Oblast,,,
ocd-division/country:ru/state:tyu/ed:185,Tyumen,ocd-division/country:ru/state:tyu/ed:tyumen,,
ocd-division/country:ru/state:tyu/ed:186,Zavodoukovsk,ocd-division/country:ru/state:tyu/ed:zavodoukovsk,,
ocd-division/country:ru/state:tyu/ed:tyumen,Tyumen,,,
ocd-division/country:ru/state:tyu/ed:zavodoukovsk,Zavodoukovsk,,,
ocd-division/country:ru/state:ud,Udmurt Republic,,,
ocd-division/country:ru/state:ud/ed:33,Udmurtia,ocd-division/country:ru/state:ud/ed:udmurtia,,
ocd-division/country:ru/state:ud/ed:34,Izhevsky,ocd-division/country:ru/state:ud/ed:izhevsky,,
ocd-division/country:ru/state:ud/ed:izhevsky,Izhevsky,,,
ocd-division/country:ru/state:ud/ed:udmurtia,Udmurtia,,,
ocd-division/country:ru/state:uly,Ulyanovsk Oblast,,,
ocd-division/country:ru/state:uly/ed:187,Ulyanovsk,ocd-division/country:ru/state:uly/ed:ulyanovsk,,
ocd-division/country:ru/state:uly/ed:188,Radishchevsky,ocd-division/country:ru/state:uly/ed:radishchevsky,,
ocd-division/country:ru/state:uly/ed:radishchevsky,Radishchevsky,,,
ocd-division/country:ru/state:uly/ed:ulyanovsk,Ulyanovsk,,,
ocd-division/country:ru/state:vgg,Volgograd Oblast,,,
ocd-division/country:ru/state:vgg/ed:81,Volgogradsky,ocd-division/country:ru/state:vgg/ed:volgogradsky,,
ocd-division/country:ru/state:vgg/ed:82,Krasnoarmeysk,,2025-05-23,
ocd-division/country:ru/state:vgg/ed:83,Mikhaylovsky,ocd-division/country:ru/state:vgg/ed:mikhaylovsky,,
ocd-division/country:ru/state:vgg/ed:84,Volzhsky,ocd-division/country:ru/state:vgg/ed:volzhsky,,
ocd-division/country:ru/state:vgg/ed:mikhaylovsky,Mikhaylovsky,,,
ocd-division/country:ru/state:vgg/ed:volgogradsky,Volgogradsky,,,
ocd-division/country:ru/state:vgg/ed:volzhsky,Volzhsky,,,
ocd-division/country:ru/state:vla,Vladimir Oblast,,,
ocd-division/country:ru/state:vla/ed:79,Vladimirsky,ocd-division/country:ru/state:vla/ed:vladimirsky,,
ocd-division/country:ru/state:vla/ed:80,Suzdalsky,ocd-division/country:ru/state:vla/ed:suzdalsky,,
ocd-division/country:ru/state:vla/ed:suzdalsky,Suzdalsky,,,
ocd-division/country:ru/state:vla/ed:vladimirsky,Vladimirsky,,,
ocd-division/country:ru/state:vlg,Vologda Oblast,,,
ocd-division/country:ru/state:vlg/ed:85,Vologodsky,ocd-division/country:ru/state:vlg/ed:vologodsky,,
ocd-division/country:ru/state:vlg/ed:86,Cherepovets,ocd-division/country:ru/state:vlg/ed:cherepovets,,
ocd-division/country:ru/state:vlg/ed:cherepovets,Cherepovets,,,
ocd-division/country:ru/state:vlg/ed:vologodsky,Vologodsky,,,
ocd-division/country:ru/state:vor,Voronezh Oblast,,,
ocd-division/country:ru/state:vor/ed:87,Voronezhsky,ocd-division/country:ru/state:vor/ed:voronezhsky,,
ocd-division/country:ru/state:vor/ed:88,Right-bank,,2025-05-23,
ocd-division/country:ru/state:vor/ed:89,Anninsky,ocd-division/country:ru/state:vor/ed:anninsky,,
ocd-division/country:ru/state:vor/ed:90,Pavlovsky,ocd-division/country:ru/state:vor/ed:pavlovsky,,
ocd-division/country:ru/state:vor/ed:anninsky,Anninsky,,,
ocd-division/country:ru/state:vor/ed:pavlovsky,Pavlovsky,,,
ocd-division/country:ru/state:vor/ed:voronezhsky,Voronezhsky,,,
ocd-division/country:ru/state:yan,Yamalo-Nenets Autonomous Okrug,,,
ocd-division/country:ru/state:yan/ed:225,Yamalo-Nenetsky,ocd-division/country:ru/state:yan/ed:yamalo-nenetsky,,
ocd-division/country:ru/state:yan/ed:yamalo-nenetsky,Yamalo-Nenetsky,,,
ocd-division/country:ru/state:yar,Yaroslavl Oblast,,,
ocd-division/country:ru/state:yar/ed:194,Yaroslavl,ocd-division/country:ru/state:yar/ed:yaroslavl,,
ocd-division/country:ru/state:yar/ed:195,Rostovsky,ocd-division/country:ru/state:yar/ed:rostovsky,,
ocd-division/country:ru/state:yar/ed:rostovsky,Rostovsky,,,
ocd-division/country:ru/state:yar/ed:yaroslavl,Yaroslavl,,,
ocd-division/country:ru/state:yev,Jewish Autonomous Oblast,,,
ocd-division/country:ru/state:yev/ed:220,Jewish,ocd-division/country:ru/state:yev/ed:jewish,,
ocd-division/country:ru/state:yev/ed:jewish,Jewish,,,
ocd-division/country:ru/state:zab,Zabaykalsky Krai,,,
ocd-division/country:ru/state:zab/ed:43,Chita,,2025-05-23,
ocd-division/country:ru/state:zab/ed:44,Daursky,,2025-05-23,
ocd-division/country:ru/state:zab/ed:zabaykalsky,Zabaykalsky,,,2025-05-23
