id,name,sameAs,sameAsNote,validThrough,validFrom
ocd-division/country:gb/part:eng/ced:e58000050,Abbey ED,,,,
ocd-division/country:gb/part:eng/ced:e58000051,Alconbury & Kimbolton ED,,,,
ocd-division/country:gb/part:eng/ced:e58000052,Arbury ED,,,,
ocd-division/country:gb/part:eng/ced:e58000053,Bar Hill ED,,,,
ocd-division/country:gb/part:eng/ced:e58000054,Brampton & Buckden ED,,,,
ocd-division/country:gb/part:eng/ced:e58000055,Burwell ED,,,,
ocd-division/country:gb/part:eng/ced:e58000057,Castle ED,,,,
ocd-division/country:gb/part:eng/ced:e58000058,Chatteris ED,,,,
ocd-division/country:gb/part:eng/ced:e58000059,Cherry Hinton ED,,,,
ocd-division/country:gb/part:eng/ced:e58000060,Chesterton ED,,,,
ocd-division/country:gb/part:eng/ced:e58000062,Duxford ED,,,,
ocd-division/country:gb/part:eng/ced:e58000063,Ely North ED,,,,
ocd-division/country:gb/part:eng/ced:e58000064,Ely South ED,,,,
ocd-division/country:gb/part:eng/ced:e58000065,Fulbourn ED,,,,
ocd-division/country:gb/part:eng/ced:e58000066,Gamlingay ED,,,,
ocd-division/country:gb/part:eng/ced:e58000067,Godmanchester & Huntingdon South ED,,,,
ocd-division/country:gb/part:eng/ced:e58000069,Histon & Impington ED,,,,
ocd-division/country:gb/part:eng/ced:e58000070,Huntingdon North & Hartford ED,,,,
ocd-division/country:gb/part:eng/ced:e58000071,Huntingdon West ED,,,,
ocd-division/country:gb/part:eng/ced:e58000072,King's Hedges ED,,,,
ocd-division/country:gb/part:eng/ced:e58000073,Linton ED,,,,
ocd-division/country:gb/part:eng/ced:e58000074,Littleport ED,,,,
ocd-division/country:gb/part:eng/ced:e58000076,March North & Waldersey ED,,,,
ocd-division/country:gb/part:eng/ced:e58000077,March South & Rural ED,,,,
ocd-division/country:gb/part:eng/ced:e58000078,Market ED,,,,
ocd-division/country:gb/part:eng/ced:e58000079,Melbourn & Bassingbourn ED,,,,
ocd-division/country:gb/part:eng/ced:e58000080,Newnham ED,,,,
ocd-division/country:gb/part:eng/ced:e58000082,Petersfield ED,,,,
ocd-division/country:gb/part:eng/ced:e58000083,Queen Edith's ED,,,,
ocd-division/country:gb/part:eng/ced:e58000084,Ramsey & Bury ED,,,,
ocd-division/country:gb/part:eng/ced:e58000085,Roman Bank & Peckover ED,,,,
ocd-division/country:gb/part:eng/ced:e58000086,Romsey ED,,,,
ocd-division/country:gb/part:eng/ced:e58000088,Sawtry & Stilton ED,,,,
ocd-division/country:gb/part:eng/ced:e58000089,Soham North & Isleham ED,,,,
ocd-division/country:gb/part:eng/ced:e58000090,Soham South & Haddenham ED,,,,
ocd-division/country:gb/part:eng/ced:e58000091,Somersham & Earith ED,,,,
ocd-division/country:gb/part:eng/ced:e58000092,St. Ives North & Wyton ED,,,,
ocd-division/country:gb/part:eng/ced:e58000093,St. Ives South & Needingworth ED,,,,
ocd-division/country:gb/part:eng/ced:e58000094,St. Neots East & Gransden ED,,,,
ocd-division/country:gb/part:eng/ced:e58000095,St. Neots Eynesbury ED,,,,
ocd-division/country:gb/part:eng/ced:e58000096,St. Neots Priory Park & Little Paxton ED,,,,
ocd-division/country:gb/part:eng/ced:e58000097,St. Neots The Eatons ED,,,,
ocd-division/country:gb/part:eng/ced:e58000098,Sutton ED,,,,
ocd-division/country:gb/part:eng/ced:e58000099,The Hemingfords & Fenstanton ED,,,,
ocd-division/country:gb/part:eng/ced:e58000100,Trumpington ED,,,,
ocd-division/country:gb/part:eng/ced:e58000101,Warboys & The Stukeleys ED,,,,
ocd-division/country:gb/part:eng/ced:e58000102,Waterbeach ED,,,,
ocd-division/country:gb/part:eng/ced:e58000103,Whittlesey North ED,,,,
ocd-division/country:gb/part:eng/ced:e58000104,Whittlesey South ED,,,,
ocd-division/country:gb/part:eng/ced:e58000105,Wisbech East ED,,,,
ocd-division/country:gb/part:eng/ced:e58000106,Wisbech West ED,,,,
ocd-division/country:gb/part:eng/ced:e58000107,Woodditton ED,,,,
ocd-division/country:gb/part:eng/ced:e58000108,Yaxley & Farcet ED,,,,
ocd-division/country:gb/part:eng/ced:e58000193,Alfreton and Somercotes ED,,,,
ocd-division/country:gb/part:eng/ced:e58000194,Alport and Derwent ED,,,,
ocd-division/country:gb/part:eng/ced:e58000195,Ashbourne ED,,,,
ocd-division/country:gb/part:eng/ced:e58000196,Aston ED,,,,
ocd-division/country:gb/part:eng/ced:e58000197,Bakewell ED,,,,
ocd-division/country:gb/part:eng/ced:e58000198,Barlborough and Clowne ED,,,,
ocd-division/country:gb/part:eng/ced:e58000199,Belper ED,,,,
ocd-division/country:gb/part:eng/ced:e58000200,Birdholme ED,,,,
ocd-division/country:gb/part:eng/ced:e58000201,Bolsover North ED,,,,
ocd-division/country:gb/part:eng/ced:e58000202,Bolsover South ED,,,,
ocd-division/country:gb/part:eng/ced:e58000203,Boythorpe and Brampton South ED,,,,
ocd-division/country:gb/part:eng/ced:e58000204,Breadsall and West Hallam ED,,,,
ocd-division/country:gb/part:eng/ced:e58000205,Breaston ED,,,,
ocd-division/country:gb/part:eng/ced:e58000206,Brimington ED,,,,
ocd-division/country:gb/part:eng/ced:e58000207,Buxton North and East ED,,,,
ocd-division/country:gb/part:eng/ced:e58000208,Buxton West ED,,,,
ocd-division/country:gb/part:eng/ced:e58000209,Chapel and Hope Valley ED,,,,
ocd-division/country:gb/part:eng/ced:e58000210,Clay Cross North ED,,,,
ocd-division/country:gb/part:eng/ced:e58000211,Clay Cross South ED,,,,
ocd-division/country:gb/part:eng/ced:e58000212,Derwent Valley ED,,,,
ocd-division/country:gb/part:eng/ced:e58000213,Dovedale ED,,,,
ocd-division/country:gb/part:eng/ced:e58000214,Dronfield East ED,,,,
ocd-division/country:gb/part:eng/ced:e58000215,Dronfield West and Walton ED,,,,
ocd-division/country:gb/part:eng/ced:e58000216,Duffield and Belper South ED,,,,
ocd-division/country:gb/part:eng/ced:e58000217,Eckington and Killamarsh ED,,,,
ocd-division/country:gb/part:eng/ced:e58000218,Etherow ED,,,,
ocd-division/country:gb/part:eng/ced:e58000219,Etwall and Repton ED,,,,
ocd-division/country:gb/part:eng/ced:e58000220,Glossop and Charlesworth ED,,,,
ocd-division/country:gb/part:eng/ced:e58000221,Greater Heanor ED,,,,
ocd-division/country:gb/part:eng/ced:e58000222,Heanor Central ED,,,,
ocd-division/country:gb/part:eng/ced:e58000223,Hilton ED,,,,
ocd-division/country:gb/part:eng/ced:e58000224,Horsley ED,,,,
ocd-division/country:gb/part:eng/ced:e58000225,Ilkeston East ED,,,,
ocd-division/country:gb/part:eng/ced:e58000226,Ilkeston South ED,,,,
ocd-division/country:gb/part:eng/ced:e58000227,Ilkeston West ED,,,,
ocd-division/country:gb/part:eng/ced:e58000228,Linton ED,,,,
ocd-division/country:gb/part:eng/ced:e58000229,Long Eaton ED,,,,
ocd-division/country:gb/part:eng/ced:e58000230,Loundsley Green and Newbold ED,,,,
ocd-division/country:gb/part:eng/ced:e58000231,Matlock ED,,,,
ocd-division/country:gb/part:eng/ced:e58000232,Melbourne ED,,,,
ocd-division/country:gb/part:eng/ced:e58000233,New Mills ED,,,,
ocd-division/country:gb/part:eng/ced:e58000234,Petersham ED,,,,
ocd-division/country:gb/part:eng/ced:e58000235,Ripley East and Codnor ED,,,,
ocd-division/country:gb/part:eng/ced:e58000236,Ripley West and Heage ED,,,,
ocd-division/country:gb/part:eng/ced:e58000237,Sandiacre ED,,,,
ocd-division/country:gb/part:eng/ced:e58000238,Sawley ED,,,,
ocd-division/country:gb/part:eng/ced:e58000239,Shirebrook and Pleasley ED,,,,
ocd-division/country:gb/part:eng/ced:e58000240,South Normanton and Pinxton ED,,,,
ocd-division/country:gb/part:eng/ced:e58000241,Spire ED,,,,
ocd-division/country:gb/part:eng/ced:e58000242,St. Mary's ED,,,,
ocd-division/country:gb/part:eng/ced:e58000243,Staveley ED,,,,
ocd-division/country:gb/part:eng/ced:e58000244,Staveley North and Whittington ED,,,,
ocd-division/country:gb/part:eng/ced:e58000245,Sutton ED,,,,
ocd-division/country:gb/part:eng/ced:e58000246,Swadlincote Central ED,,,,
ocd-division/country:gb/part:eng/ced:e58000247,Swadlincote North ED,,,,
ocd-division/country:gb/part:eng/ced:e58000248,Swadlincote South ED,,,,
ocd-division/country:gb/part:eng/ced:e58000249,Tibshelf ED,,,,
ocd-division/country:gb/part:eng/ced:e58000250,Walton and West ED,,,,
ocd-division/country:gb/part:eng/ced:e58000251,Whaley Bridge ED,,,,
ocd-division/country:gb/part:eng/ced:e58000252,Wingerworth and Shirland ED,,,,
ocd-division/country:gb/part:eng/ced:e58000253,Wirksworth ED,,,,
ocd-division/country:gb/part:eng/ced:e58000254,Alphington & Cowick ED,,,,
ocd-division/country:gb/part:eng/ced:e58000255,Ashburton & Buckfastleigh ED,,,,
ocd-division/country:gb/part:eng/ced:e58000256,Axminster ED,,,,
ocd-division/country:gb/part:eng/ced:e58000257,Barnstaple North ED,,,,
ocd-division/country:gb/part:eng/ced:e58000258,Barnstaple South ED,,,,
ocd-division/country:gb/part:eng/ced:e58000259,Bickleigh & Wembury ED,,,,
ocd-division/country:gb/part:eng/ced:e58000260,Bideford East ED,,,,
ocd-division/country:gb/part:eng/ced:e58000261,Bideford West & Hartland ED,,,,
ocd-division/country:gb/part:eng/ced:e58000262,Bovey Rural ED,,,,
ocd-division/country:gb/part:eng/ced:e58000263,Braunton Rural ED,,,,
ocd-division/country:gb/part:eng/ced:e58000264,Broadclyst ED,,,,
ocd-division/country:gb/part:eng/ced:e58000265,Chudleigh & Teign Valley ED,,,,
ocd-division/country:gb/part:eng/ced:e58000266,Chulmleigh & Landkey ED,,,,
ocd-division/country:gb/part:eng/ced:e58000267,Combe Martin Rural ED,,,,
ocd-division/country:gb/part:eng/ced:e58000268,Crediton ED,,,,
ocd-division/country:gb/part:eng/ced:e58000269,"Creedy, Taw & Mid Exe ED",,,,
ocd-division/country:gb/part:eng/ced:e58000270,Cullompton & Bradninch ED,,,,
ocd-division/country:gb/part:eng/ced:e58000271,Dartmouth & Marldon ED,,,,
ocd-division/country:gb/part:eng/ced:e58000272,Dawlish ED,,,,
ocd-division/country:gb/part:eng/ced:e58000273,Duryard & Pennsylvania ED,,,,
ocd-division/country:gb/part:eng/ced:e58000274,Exminster & Haldon ED,,,,
ocd-division/country:gb/part:eng/ced:e58000275,Exmouth & Budleigh Salterton Coastal ED,,,,
ocd-division/country:gb/part:eng/ced:e58000276,Exmouth ED,,,,
ocd-division/country:gb/part:eng/ced:e58000277,Exwick & St. Thomas ED,,,,
ocd-division/country:gb/part:eng/ced:e58000278,Feniton & Honiton ED,,,,
ocd-division/country:gb/part:eng/ced:e58000279,Fremington Rural ED,,,,
ocd-division/country:gb/part:eng/ced:e58000280,Hatherleigh & Chagford ED,,,,
ocd-division/country:gb/part:eng/ced:e58000281,Heavitree & Whipton Barton ED,,,,
ocd-division/country:gb/part:eng/ced:e58000282,Holsworthy Rural ED,,,,
ocd-division/country:gb/part:eng/ced:e58000283,Ilfracombe ED,,,,
ocd-division/country:gb/part:eng/ced:e58000284,Ipplepen & The Kerswells ED,,,,
ocd-division/country:gb/part:eng/ced:e58000285,Ivybridge ED,,,,
ocd-division/country:gb/part:eng/ced:e58000286,Kingsbridge ED,,,,
ocd-division/country:gb/part:eng/ced:e58000287,Kingsteignton & Teign Estuary ED,,,,
ocd-division/country:gb/part:eng/ced:e58000288,Newton Abbot North ED,,,,
ocd-division/country:gb/part:eng/ced:e58000289,Newton Abbot South ED,,,,
ocd-division/country:gb/part:eng/ced:e58000290,Northam ED,,,,
ocd-division/country:gb/part:eng/ced:e58000291,Okehampton Rural ED,,,,
ocd-division/country:gb/part:eng/ced:e58000292,Otter Valley ED,,,,
ocd-division/country:gb/part:eng/ced:e58000293,Pinhoe & Mincinglake ED,,,,
ocd-division/country:gb/part:eng/ced:e58000294,Salcombe ED,,,,
ocd-division/country:gb/part:eng/ced:e58000295,Seaton & Colyton ED,,,,
ocd-division/country:gb/part:eng/ced:e58000296,Sidmouth ED,,,,
ocd-division/country:gb/part:eng/ced:e58000297,South Brent & Yealmpton ED,,,,
ocd-division/country:gb/part:eng/ced:e58000298,South Molton ED,,,,
ocd-division/country:gb/part:eng/ced:e58000299,St. David's & Haven Banks ED,,,,
ocd-division/country:gb/part:eng/ced:e58000300,St. Sidwells & St. James ED,,,,
ocd-division/country:gb/part:eng/ced:e58000301,Tavistock ED,,,,
ocd-division/country:gb/part:eng/ced:e58000302,Teignmouth ED,,,,
ocd-division/country:gb/part:eng/ced:e58000303,Tiverton East ED,,,,
ocd-division/country:gb/part:eng/ced:e58000304,Tiverton West ED,,,,
ocd-division/country:gb/part:eng/ced:e58000305,Torrington Rural ED,,,,
ocd-division/country:gb/part:eng/ced:e58000306,Totnes & Dartington ED,,,,
ocd-division/country:gb/part:eng/ced:e58000307,Wearside & Topsham ED,,,,
ocd-division/country:gb/part:eng/ced:e58000308,Whimple & Blackdown ED,,,,
ocd-division/country:gb/part:eng/ced:e58000309,Willand & Uffculme ED,,,,
ocd-division/country:gb/part:eng/ced:e58000310,Wonford & St. Loyes ED,,,,
ocd-division/country:gb/part:eng/ced:e58000311,Yelverton Rural ED,,,,
ocd-division/country:gb/part:eng/ced:e58000352,"Arlington, East Hoathly & Hellingly ED",,,,
ocd-division/country:gb/part:eng/ced:e58000353,Ashdown & Conquest ED,,,,
ocd-division/country:gb/part:eng/ced:e58000354,Baird & Ore ED,,,,
ocd-division/country:gb/part:eng/ced:e58000355,Battle & Crowhurst ED,,,,
ocd-division/country:gb/part:eng/ced:e58000356,Bexhill East ED,,,,
ocd-division/country:gb/part:eng/ced:e58000357,Bexhill North ED,,,,
ocd-division/country:gb/part:eng/ced:e58000358,Bexhill South ED,,,,
ocd-division/country:gb/part:eng/ced:e58000359,Bexhill West ED,,,,
ocd-division/country:gb/part:eng/ced:e58000360,Braybrooke & Castle ED,,,,
ocd-division/country:gb/part:eng/ced:e58000361,Brede Valley & Marsham ED,,,,
ocd-division/country:gb/part:eng/ced:e58000362,Central St. Leonards & Gensing ED,,,,
ocd-division/country:gb/part:eng/ced:e58000363,Chailey ED,,,,
ocd-division/country:gb/part:eng/ced:e58000364,Crowborough North & Jarvis Brook ED,,,,
ocd-division/country:gb/part:eng/ced:e58000365,Crowborough South & St. Johns ED,,,,
ocd-division/country:gb/part:eng/ced:e58000366,Devonshire ED,,,,
ocd-division/country:gb/part:eng/ced:e58000367,Forest Row & Groombridge ED,,,,
ocd-division/country:gb/part:eng/ced:e58000368,Hailsham Market ED,,,,
ocd-division/country:gb/part:eng/ced:e58000369,Hailsham New Town ED,,,,
ocd-division/country:gb/part:eng/ced:e58000370,Hampden Park ED,,,,
ocd-division/country:gb/part:eng/ced:e58000371,Heathfield & Mayfield ED,,,,
ocd-division/country:gb/part:eng/ced:e58000372,Hollington & Wishing Tree ED,,,,
ocd-division/country:gb/part:eng/ced:e58000373,Langney ED,,,,
ocd-division/country:gb/part:eng/ced:e58000374,Lewes ED,,,,
ocd-division/country:gb/part:eng/ced:e58000375,Maresfield & Buxted ED,,,,
ocd-division/country:gb/part:eng/ced:e58000376,Maze Hill & West St. Leonards ED,,,,
ocd-division/country:gb/part:eng/ced:e58000377,Meads ED,,,,
ocd-division/country:gb/part:eng/ced:e58000378,Newhaven & Bishopstone ED,,,,
ocd-division/country:gb/part:eng/ced:e58000379,Northern Rother ED,,,,
ocd-division/country:gb/part:eng/ced:e58000380,Old Hastings & Tressell ED,,,,
ocd-division/country:gb/part:eng/ced:e58000381,Old Town ED,,,,
ocd-division/country:gb/part:eng/ced:e58000382,Ouse Valley West & Downs ED,,,,
ocd-division/country:gb/part:eng/ced:e58000383,Peacehaven ED,,,,
ocd-division/country:gb/part:eng/ced:e58000384,Pevensey & Stone Cross ED,,,,
ocd-division/country:gb/part:eng/ced:e58000385,Polegate & Watermill ED,,,,
ocd-division/country:gb/part:eng/ced:e58000386,Ratton ED,,,,
ocd-division/country:gb/part:eng/ced:e58000387,Ringmer & Lewes Bridge ED,,,,
ocd-division/country:gb/part:eng/ced:e58000388,Rother North West ED,,,,
ocd-division/country:gb/part:eng/ced:e58000389,Rye & Eastern Rother ED,,,,
ocd-division/country:gb/part:eng/ced:e58000390,Seaford North ED,,,,
ocd-division/country:gb/part:eng/ced:e58000391,Seaford South ED,,,,
ocd-division/country:gb/part:eng/ced:e58000392,Sovereign ED,,,,
ocd-division/country:gb/part:eng/ced:e58000393,St. Anthony's ED,,,,
ocd-division/country:gb/part:eng/ced:e58000394,St. Helens & Silverhill ED,,,,
ocd-division/country:gb/part:eng/ced:e58000395,Telscombe ED,,,,
ocd-division/country:gb/part:eng/ced:e58000396,Uckfield North ED,,,,
ocd-division/country:gb/part:eng/ced:e58000397,Uckfield South with Framfield ED,,,,
ocd-division/country:gb/part:eng/ced:e58000398,Upperton ED,,,,
ocd-division/country:gb/part:eng/ced:e58000399,Wealden East ED,,,,
ocd-division/country:gb/part:eng/ced:e58000400,Wealden North East ED,,,,
ocd-division/country:gb/part:eng/ced:e58000401,Willingdon & South Downs ED,,,,
ocd-division/country:gb/part:eng/ced:e58000402,Abbey ED,,,,
ocd-division/country:gb/part:eng/ced:e58000403,Basildon Laindon Park and Fryerns ED,,,,
ocd-division/country:gb/part:eng/ced:e58000404,Basildon Pitsea ED,,,,
ocd-division/country:gb/part:eng/ced:e58000405,Basildon Westley Heights ED,,,,
ocd-division/country:gb/part:eng/ced:e58000406,Billericay and Burstead ED,,,,
ocd-division/country:gb/part:eng/ced:e58000407,Bocking ED,,,,
ocd-division/country:gb/part:eng/ced:e58000408,Braintree Eastern ED,,,,
ocd-division/country:gb/part:eng/ced:e58000409,Braintree Town ED,,,,
ocd-division/country:gb/part:eng/ced:e58000410,Brentwood Hutton ED,,,,
ocd-division/country:gb/part:eng/ced:e58000411,Brentwood North ED,,,,
ocd-division/country:gb/part:eng/ced:e58000412,Brentwood Rural ED,,,,
ocd-division/country:gb/part:eng/ced:e58000413,Brentwood South ED,,,,
ocd-division/country:gb/part:eng/ced:e58000414,Brightlingsea ED,,,,
ocd-division/country:gb/part:eng/ced:e58000415,Broomfield and Writtle ED,,,,
ocd-division/country:gb/part:eng/ced:e58000416,Buckhurst Hill and Loughton South ED,,,,
ocd-division/country:gb/part:eng/ced:e58000417,Canvey Island East ED,,,,
ocd-division/country:gb/part:eng/ced:e58000418,Canvey Island West ED,,,,
ocd-division/country:gb/part:eng/ced:e58000419,Chelmer ED,,,,
ocd-division/country:gb/part:eng/ced:e58000420,Chelmsford Central ED,,,,
ocd-division/country:gb/part:eng/ced:e58000421,Chelmsford North ED,,,,
ocd-division/country:gb/part:eng/ced:e58000422,Chelmsford West ED,,,,
ocd-division/country:gb/part:eng/ced:e58000423,Chigwell and Loughton Broadway ED,,,,
ocd-division/country:gb/part:eng/ced:e58000424,Clacton East ED,,,,
ocd-division/country:gb/part:eng/ced:e58000425,Clacton North ED,,,,
ocd-division/country:gb/part:eng/ced:e58000426,Clacton West ED,,,,
ocd-division/country:gb/part:eng/ced:e58000427,Constable ED,,,,
ocd-division/country:gb/part:eng/ced:e58000428,Drury ED,,,,
ocd-division/country:gb/part:eng/ced:e58000430,Epping and Theydon Bois ED,,,,
ocd-division/country:gb/part:eng/ced:e58000431,Frinton and Walton ED,,,,
ocd-division/country:gb/part:eng/ced:e58000432,Great Baddow ED,,,,
ocd-division/country:gb/part:eng/ced:e58000433,Hadleigh ED,,,,
ocd-division/country:gb/part:eng/ced:e58000434,Halstead ED,,,,
ocd-division/country:gb/part:eng/ced:e58000435,Harlow North ED,,,,
ocd-division/country:gb/part:eng/ced:e58000436,Harlow South East ED,,,,
ocd-division/country:gb/part:eng/ced:e58000437,Harlow West ED,,,,
ocd-division/country:gb/part:eng/ced:e58000438,Harwich ED,,,,
ocd-division/country:gb/part:eng/ced:e58000439,Hedingham ED,,,,
ocd-division/country:gb/part:eng/ced:e58000440,Heybridge and Tollesbury ED,,,,
ocd-division/country:gb/part:eng/ced:e58000441,Loughton Central ED,,,,
ocd-division/country:gb/part:eng/ced:e58000442,Maldon ED,,,,
ocd-division/country:gb/part:eng/ced:e58000443,Maypole ED,,,,
ocd-division/country:gb/part:eng/ced:e58000444,Mersea and Tiptree ED,,,,
ocd-division/country:gb/part:eng/ced:e58000445,Mile End and Highwoods ED,,,,
ocd-division/country:gb/part:eng/ced:e58000446,North Weald and Nazeing ED,,,,
ocd-division/country:gb/part:eng/ced:e58000447,Ongar and Rural ED,,,,
ocd-division/country:gb/part:eng/ced:e58000448,Parsons Heath and East Gates ED,,,,
ocd-division/country:gb/part:eng/ced:e58000449,Rayleigh North ED,,,,
ocd-division/country:gb/part:eng/ced:e58000450,Rayleigh South ED,,,,
ocd-division/country:gb/part:eng/ced:e58000451,Rochford North ED,,,,
ocd-division/country:gb/part:eng/ced:e58000452,Rochford South ED,,,,
ocd-division/country:gb/part:eng/ced:e58000453,Rochford West ED,,,,
ocd-division/country:gb/part:eng/ced:e58000454,Saffron Walden ED,,,,
ocd-division/country:gb/part:eng/ced:e58000455,South Benfleet ED,,,,
ocd-division/country:gb/part:eng/ced:e58000456,South Woodham Ferrers ED,,,,
ocd-division/country:gb/part:eng/ced:e58000457,Southminster ED,,,,
ocd-division/country:gb/part:eng/ced:e58000458,Springfield ED,,,,
ocd-division/country:gb/part:eng/ced:e58000459,Stansted ED,,,,
ocd-division/country:gb/part:eng/ced:e58000460,Stanway and Pyefleet ED,,,,
ocd-division/country:gb/part:eng/ced:e58000461,Stock ED,,,,
ocd-division/country:gb/part:eng/ced:e58000462,Tendring Rural East ED,,,,
ocd-division/country:gb/part:eng/ced:e58000463,Tendring Rural West ED,,,,
ocd-division/country:gb/part:eng/ced:e58000465,Three Fields with Great Notley ED,,,,
ocd-division/country:gb/part:eng/ced:e58000466,Thundersley ED,,,,
ocd-division/country:gb/part:eng/ced:e58000467,Waltham Abbey ED,,,,
ocd-division/country:gb/part:eng/ced:e58000468,Wickford Crouch ED,,,,
ocd-division/country:gb/part:eng/ced:e58000469,Witham Northern ED,,,,
ocd-division/country:gb/part:eng/ced:e58000470,Witham Southern ED,,,,
ocd-division/country:gb/part:eng/ced:e58000471,Wivenhoe St. Andrew ED,,,,
ocd-division/country:gb/part:eng/ced:e58000472,Abbey ED,,,,
ocd-division/country:gb/part:eng/ced:e58000473,All Saints and Oakley ED,,,,
ocd-division/country:gb/part:eng/ced:e58000474,Barnwood and Hucclecote ED,,,,
ocd-division/country:gb/part:eng/ced:e58000475,Barton and Tredworth ED,,,,
ocd-division/country:gb/part:eng/ced:e58000476,Battledown and Charlton Kings ED,,,,
ocd-division/country:gb/part:eng/ced:e58000477,Benhall and Up Hatherley ED,,,,
ocd-division/country:gb/part:eng/ced:e58000478,Bishop's Cleeve ED,,,,
ocd-division/country:gb/part:eng/ced:e58000480,Blakeney and Bream ED,,,,
ocd-division/country:gb/part:eng/ced:e58000481,Bourton-on-the-Water and Northleach ED,,,,
ocd-division/country:gb/part:eng/ced:e58000482,Brockworth ED,,,,
ocd-division/country:gb/part:eng/ced:e58000483,Cam Valley ED,,,,
ocd-division/country:gb/part:eng/ced:e58000484,Campden-Vale ED,,,,
ocd-division/country:gb/part:eng/ced:e58000485,Charlton Park and College ED,,,,
ocd-division/country:gb/part:eng/ced:e58000486,Churchdown ED,,,,
ocd-division/country:gb/part:eng/ced:e58000487,Cinderford ED,,,,
ocd-division/country:gb/part:eng/ced:e58000490,Coleford ED,,,,
ocd-division/country:gb/part:eng/ced:e58000491,Coney Hill and Matson ED,,,,
ocd-division/country:gb/part:eng/ced:e58000492,Drybrook and Lydbrook ED,,,,
ocd-division/country:gb/part:eng/ced:e58000493,Dursley ED,,,,
ocd-division/country:gb/part:eng/ced:e58000494,Fairford and Lechlade on Thames ED,,,,
ocd-division/country:gb/part:eng/ced:e58000495,Grange and Kingsway ED,,,,
ocd-division/country:gb/part:eng/ced:e58000496,Hardwicke and Severn ED,,,,
ocd-division/country:gb/part:eng/ced:e58000497,Hempsted and Westgate ED,,,,
ocd-division/country:gb/part:eng/ced:e58000498,Hesters Way and Springbank ED,,,,
ocd-division/country:gb/part:eng/ced:e58000499,Highnam ED,,,,
ocd-division/country:gb/part:eng/ced:e58000500,Kingsholm and Wotton ED,,,,
ocd-division/country:gb/part:eng/ced:e58000501,Lansdown and Park ED,,,,
ocd-division/country:gb/part:eng/ced:e58000502,Leckhampton and Warden Hill ED,,,,
ocd-division/country:gb/part:eng/ced:e58000503,Longlevens ED,,,,
ocd-division/country:gb/part:eng/ced:e58000504,Lydney ED,,,,
ocd-division/country:gb/part:eng/ced:e58000506,Mitcheldean ED,,,,
ocd-division/country:gb/part:eng/ced:e58000508,Newent ED,,,,
ocd-division/country:gb/part:eng/ced:e58000509,Pittville and Prestbury ED,,,,
ocd-division/country:gb/part:eng/ced:e58000510,Quedgeley ED,,,,
ocd-division/country:gb/part:eng/ced:e58000512,Sedbury ED,,,,
ocd-division/country:gb/part:eng/ced:e58000514,St. Mark's and St. Peter's ED,,,,
ocd-division/country:gb/part:eng/ced:e58000515,St. Paul's and Swindon ED,,,,
ocd-division/country:gb/part:eng/ced:e58000516,Stonehouse ED,,,,
ocd-division/country:gb/part:eng/ced:e58000517,Stow-on-the-Wold ED,,,,
ocd-division/country:gb/part:eng/ced:e58000519,Tetbury ED,,,,
ocd-division/country:gb/part:eng/ced:e58000520,Tewkesbury East ED,,,,
ocd-division/country:gb/part:eng/ced:e58000521,Tewkesbury ED,,,,
ocd-division/country:gb/part:eng/ced:e58000522,Tuffley ED,,,,
ocd-division/country:gb/part:eng/ced:e58000523,Winchcombe and Woodmancote ED,,,,
ocd-division/country:gb/part:eng/ced:e58000524,Wotton-under-Edge ED,,,,
ocd-division/country:gb/part:eng/ced:e58000525,Aldershot North ED,,,,
ocd-division/country:gb/part:eng/ced:e58000526,Aldershot South ED,,,,
ocd-division/country:gb/part:eng/ced:e58000527,Alton Rural ED,,,,
ocd-division/country:gb/part:eng/ced:e58000528,Alton Town ED,,,,
ocd-division/country:gb/part:eng/ced:e58000533,Basingstoke Central ED,,,,
ocd-division/country:gb/part:eng/ced:e58000534,Basingstoke North ED,,,,
ocd-division/country:gb/part:eng/ced:e58000535,Basingstoke North West ED,,,,
ocd-division/country:gb/part:eng/ced:e58000536,Basingstoke South East ED,,,,
ocd-division/country:gb/part:eng/ced:e58000537,Basingstoke South West ED,,,,
ocd-division/country:gb/part:eng/ced:e58000538,Bishops Waltham ED,,,,
ocd-division/country:gb/part:eng/ced:e58000539,Bishopstoke & Fair Oak ED,,,,
ocd-division/country:gb/part:eng/ced:e58000540,Botley & Hedge End North ED,,,,
ocd-division/country:gb/part:eng/ced:e58000541,Bridgemary ED,,,,
ocd-division/country:gb/part:eng/ced:e58000542,Brockenhurst ED,,,,
ocd-division/country:gb/part:eng/ced:e58000543,Calleva ED,,,,
ocd-division/country:gb/part:eng/ced:e58000544,"Candovers, Oakley & Overton ED",,,,
ocd-division/country:gb/part:eng/ced:e58000545,Catherington ED,,,,
ocd-division/country:gb/part:eng/ced:e58000546,Chandler's Ford ED,,,,
ocd-division/country:gb/part:eng/ced:e58000547,Church Crookham & Ewshot ED,,,,
ocd-division/country:gb/part:eng/ced:e58000548,Cowplain & Hart Plain ED,,,,
ocd-division/country:gb/part:eng/ced:e58000549,Dibden & Hythe ED,,,,
ocd-division/country:gb/part:eng/ced:e58000550,Eastleigh North ED,,,,
ocd-division/country:gb/part:eng/ced:e58000551,Eastleigh South ED,,,,
ocd-division/country:gb/part:eng/ced:e58000552,Emsworth & St. Faiths ED,,,,
ocd-division/country:gb/part:eng/ced:e58000553,Fareham Crofton ED,,,,
ocd-division/country:gb/part:eng/ced:e58000554,Fareham Portchester ED,,,,
ocd-division/country:gb/part:eng/ced:e58000555,Fareham Sarisbury ED,,,,
ocd-division/country:gb/part:eng/ced:e58000556,Fareham Titchfield ED,,,,
ocd-division/country:gb/part:eng/ced:e58000557,Fareham Town ED,,,,
ocd-division/country:gb/part:eng/ced:e58000558,Fareham Warsash ED,,,,
ocd-division/country:gb/part:eng/ced:e58000559,Farnborough North ED,,,,
ocd-division/country:gb/part:eng/ced:e58000560,Farnborough South ED,,,,
ocd-division/country:gb/part:eng/ced:e58000561,Farnborough West ED,,,,
ocd-division/country:gb/part:eng/ced:e58000562,Fleet Town ED,,,,
ocd-division/country:gb/part:eng/ced:e58000563,Hamble ED,,,,
ocd-division/country:gb/part:eng/ced:e58000564,Hardway ED,,,,
ocd-division/country:gb/part:eng/ced:e58000565,Hartley Wintney & Yateley West ED,,,,
ocd-division/country:gb/part:eng/ced:e58000566,Hayling Island ED,,,,
ocd-division/country:gb/part:eng/ced:e58000567,Hedge End & West End South ED,,,,
ocd-division/country:gb/part:eng/ced:e58000568,Itchen Valley ED,,,,
ocd-division/country:gb/part:eng/ced:e58000569,Lee ED,,,,
ocd-division/country:gb/part:eng/ced:e58000570,Leesland & Town ED,,,,
ocd-division/country:gb/part:eng/ced:e58000571,"Liphook, Headley & Grayshott ED",,,,
ocd-division/country:gb/part:eng/ced:e58000572,Loddon ED,,,,
ocd-division/country:gb/part:eng/ced:e58000573,Lymington & Boldre ED,,,,
ocd-division/country:gb/part:eng/ced:e58000574,Lyndhurst & Fordingbridge ED,,,,
ocd-division/country:gb/part:eng/ced:e58000575,Meon Valley ED,,,,
ocd-division/country:gb/part:eng/ced:e58000576,New Milton ED,,,,
ocd-division/country:gb/part:eng/ced:e58000577,"New Milton North, Milford & Hordle ED",,,,
ocd-division/country:gb/part:eng/ced:e58000578,North East Havant ED,,,,
ocd-division/country:gb/part:eng/ced:e58000579,North West Havant ED,,,,
ocd-division/country:gb/part:eng/ced:e58000580,Odiham & Hook ED,,,,
ocd-division/country:gb/part:eng/ced:e58000581,Petersfield Butser ED,,,,
ocd-division/country:gb/part:eng/ced:e58000582,Petersfield Hangers ED,,,,
ocd-division/country:gb/part:eng/ced:e58000583,Purbrook & Stakes South ED,,,,
ocd-division/country:gb/part:eng/ced:e58000584,Ringwood ED,,,,
ocd-division/country:gb/part:eng/ced:e58000587,South Waterside ED,,,,
ocd-division/country:gb/part:eng/ced:e58000588,Tadley & Baughurst ED,,,,
ocd-division/country:gb/part:eng/ced:e58000590,Totton North & Netley Marsh ED,,,,
ocd-division/country:gb/part:eng/ced:e58000591,Totton South & Marchwood ED,,,,
ocd-division/country:gb/part:eng/ced:e58000592,Waterloo & Stakes North ED,,,,
ocd-division/country:gb/part:eng/ced:e58000593,West End & Horton Heath ED,,,,
ocd-division/country:gb/part:eng/ced:e58000594,Whitchurch & The Cleres ED,,,,
ocd-division/country:gb/part:eng/ced:e58000595,"Whitehill, Bordon & Lindford ED",,,,
ocd-division/country:gb/part:eng/ced:e58000596,Winchester Downlands ED,,,,
ocd-division/country:gb/part:eng/ced:e58000597,Winchester Eastgate ED,,,,
ocd-division/country:gb/part:eng/ced:e58000598,Winchester Southern Parishes ED,,,,
ocd-division/country:gb/part:eng/ced:e58000599,Winchester Westgate ED,,,,
ocd-division/country:gb/part:eng/ced:e58000600,Yateley East & Blackwater ED,,,,
ocd-division/country:gb/part:eng/ced:e58000601,Abbots Langley ED,,,,
ocd-division/country:gb/part:eng/ced:e58000602,Baldock & Letchworth East ED,,,,
ocd-division/country:gb/part:eng/ced:e58000603,Bedwell ED,,,,
ocd-division/country:gb/part:eng/ced:e58000604,Berkhamsted ED,,,,
ocd-division/country:gb/part:eng/ced:e58000608,Borehamwood North ED,,,,
ocd-division/country:gb/part:eng/ced:e58000609,Borehamwood South ED,,,,
ocd-division/country:gb/part:eng/ced:e58000610,Bridgewater ED,,,,
ocd-division/country:gb/part:eng/ced:e58000611,Broadwater ED,,,,
ocd-division/country:gb/part:eng/ced:e58000612,Buntingford ED,,,,
ocd-division/country:gb/part:eng/ced:e58000613,Bushey North ED,,,,
ocd-division/country:gb/part:eng/ced:e58000614,Bushey South ED,,,,
ocd-division/country:gb/part:eng/ced:e58000615,Central Watford & Oxhey ED,,,,
ocd-division/country:gb/part:eng/ced:e58000616,Chells ED,,,,
ocd-division/country:gb/part:eng/ced:e58000617,Cheshunt Central ED,,,,
ocd-division/country:gb/part:eng/ced:e58000618,Colney Heath & Marshalswick ED,,,,
ocd-division/country:gb/part:eng/ced:e58000619,Croxley ED,,,,
ocd-division/country:gb/part:eng/ced:e58000620,Flamstead End & Turnford ED,,,,
ocd-division/country:gb/part:eng/ced:e58000621,Goffs Oak & Bury Green ED,,,,
ocd-division/country:gb/part:eng/ced:e58000622,Haldens ED,,,,
ocd-division/country:gb/part:eng/ced:e58000623,Handside & Peartree ED,,,,
ocd-division/country:gb/part:eng/ced:e58000624,Harpenden North East ED,,,,
ocd-division/country:gb/part:eng/ced:e58000625,Harpenden Rural ED,,,,
ocd-division/country:gb/part:eng/ced:e58000626,Harpenden South West ED,,,,
ocd-division/country:gb/part:eng/ced:e58000627,Hatfield East ED,,,,
ocd-division/country:gb/part:eng/ced:e58000628,Hatfield North ED,,,,
ocd-division/country:gb/part:eng/ced:e58000629,Hatfield Rural ED,,,,
ocd-division/country:gb/part:eng/ced:e58000630,Hatfield South ED,,,,
ocd-division/country:gb/part:eng/ced:e58000631,Hemel Hempstead East ED,,,,
ocd-division/country:gb/part:eng/ced:e58000632,Hemel Hempstead North East ED,,,,
ocd-division/country:gb/part:eng/ced:e58000633,Hemel Hempstead North West ED,,,,
ocd-division/country:gb/part:eng/ced:e58000634,Hemel Hempstead South East ED,,,,
ocd-division/country:gb/part:eng/ced:e58000635,Hemel Hempstead St. Pauls ED,,,,
ocd-division/country:gb/part:eng/ced:e58000636,Hemel Hempstead Town ED,,,,
ocd-division/country:gb/part:eng/ced:e58000637,Hertford All Saints ED,,,,
ocd-division/country:gb/part:eng/ced:e58000638,Hertford Rural ED,,,,
ocd-division/country:gb/part:eng/ced:e58000639,Hertford St. Andrews ED,,,,
ocd-division/country:gb/part:eng/ced:e58000640,Hitchin North ED,,,,
ocd-division/country:gb/part:eng/ced:e58000641,Hitchin Rural ED,,,,
ocd-division/country:gb/part:eng/ced:e58000642,Hitchin South ED,,,,
ocd-division/country:gb/part:eng/ced:e58000643,Hoddesdon North ED,,,,
ocd-division/country:gb/part:eng/ced:e58000644,Hoddesdon South ED,,,,
ocd-division/country:gb/part:eng/ced:e58000645,Kings Langley ED,,,,
ocd-division/country:gb/part:eng/ced:e58000646,Knebworth & Codicote ED,,,,
ocd-division/country:gb/part:eng/ced:e58000647,Letchworth North ED,,,,
ocd-division/country:gb/part:eng/ced:e58000648,Letchworth South ED,,,,
ocd-division/country:gb/part:eng/ced:e58000649,London Colney ED,,,,
ocd-division/country:gb/part:eng/ced:e58000650,Meriden Tudor ED,,,,
ocd-division/country:gb/part:eng/ced:e58000651,Nascot Park ED,,,,
ocd-division/country:gb/part:eng/ced:e58000652,North Watford ED,,,,
ocd-division/country:gb/part:eng/ced:e58000653,Old Stevenage ED,,,,
ocd-division/country:gb/part:eng/ced:e58000654,Potters Bar East ED,,,,
ocd-division/country:gb/part:eng/ced:e58000655,Potters Bar West & Shenley ED,,,,
ocd-division/country:gb/part:eng/ced:e58000656,Rickmansworth East & Oxhey Park ED,,,,
ocd-division/country:gb/part:eng/ced:e58000657,Rickmansworth West ED,,,,
ocd-division/country:gb/part:eng/ced:e58000658,Royston East & Ermine ED,,,,
ocd-division/country:gb/part:eng/ced:e58000659,Royston West & Rural ED,,,,
ocd-division/country:gb/part:eng/ced:e58000660,Sawbridgeworth ED,,,,
ocd-division/country:gb/part:eng/ced:e58000661,Shephall ED,,,,
ocd-division/country:gb/part:eng/ced:e58000662,South Oxhey & Eastbury ED,,,,
ocd-division/country:gb/part:eng/ced:e58000663,St. Albans Central ED,,,,
ocd-division/country:gb/part:eng/ced:e58000664,St. Albans East ED,,,,
ocd-division/country:gb/part:eng/ced:e58000665,St. Albans North ED,,,,
ocd-division/country:gb/part:eng/ced:e58000666,St. Albans South ED,,,,
ocd-division/country:gb/part:eng/ced:e58000667,St. Nicholas ED,,,,
ocd-division/country:gb/part:eng/ced:e58000668,St. Stephen's ED,,,,
ocd-division/country:gb/part:eng/ced:e58000669,Three Rivers Rural ED,,,,
ocd-division/country:gb/part:eng/ced:e58000670,Tring ED,,,,
ocd-division/country:gb/part:eng/ced:e58000671,Waltham Cross ED,,,,
ocd-division/country:gb/part:eng/ced:e58000672,Ware North ED,,,,
ocd-division/country:gb/part:eng/ced:e58000673,Ware South ED,,,,
ocd-division/country:gb/part:eng/ced:e58000674,Watling ED,,,,
ocd-division/country:gb/part:eng/ced:e58000675,Welwyn ED,,,,
ocd-division/country:gb/part:eng/ced:e58000676,Welwyn Garden City South ED,,,,
ocd-division/country:gb/part:eng/ced:e58000677,West Watford ED,,,,
ocd-division/country:gb/part:eng/ced:e58000678,Woodside Stanborough ED,,,,
ocd-division/country:gb/part:eng/ced:e58000680,Ashford East ED,,,,
ocd-division/country:gb/part:eng/ced:e58000684,Ashford South ED,,,,
ocd-division/country:gb/part:eng/ced:e58000685,Birchington & Rural ED,,,,
ocd-division/country:gb/part:eng/ced:e58000686,Broadstairs ED,,,,
ocd-division/country:gb/part:eng/ced:e58000687,Canterbury City North ED,,,,
ocd-division/country:gb/part:eng/ced:e58000689,Canterbury North ED,,,,
ocd-division/country:gb/part:eng/ced:e58000691,"Cheriton, Sandgate & Hythe East ED",,,,
ocd-division/country:gb/part:eng/ced:e58000692,Cliftonville ED,,,,
ocd-division/country:gb/part:eng/ced:e58000693,Cranbrook ED,,,,
ocd-division/country:gb/part:eng/ced:e58000694,Dartford East ED,,,,
ocd-division/country:gb/part:eng/ced:e58000695,Dartford North East ED,,,,
ocd-division/country:gb/part:eng/ced:e58000696,Dartford Rural ED,,,,
ocd-division/country:gb/part:eng/ced:e58000697,Dartford West ED,,,,
ocd-division/country:gb/part:eng/ced:e58000698,Deal & Walmer ED,,,,
ocd-division/country:gb/part:eng/ced:e58000699,Dover North ED,,,,
ocd-division/country:gb/part:eng/ced:e58000700,Dover Town ED,,,,
ocd-division/country:gb/part:eng/ced:e58000701,Dover West ED,,,,
ocd-division/country:gb/part:eng/ced:e58000702,Elham Valley ED,,,,
ocd-division/country:gb/part:eng/ced:e58000703,Faversham ED,,,,
ocd-division/country:gb/part:eng/ced:e58000704,Folkestone East ED,,,,
ocd-division/country:gb/part:eng/ced:e58000705,Folkestone West ED,,,,
ocd-division/country:gb/part:eng/ced:e58000706,Gravesend East ED,,,,
ocd-division/country:gb/part:eng/ced:e58000707,Gravesham Rural ED,,,,
ocd-division/country:gb/part:eng/ced:e58000708,Herne Bay East ED,,,,
ocd-division/country:gb/part:eng/ced:e58000709,Herne Village & Sturry ED,,,,
ocd-division/country:gb/part:eng/ced:e58000710,Hythe West ED,,,,
ocd-division/country:gb/part:eng/ced:e58000711,Maidstone Central ED,,,,
ocd-division/country:gb/part:eng/ced:e58000712,Maidstone North East ED,,,,
ocd-division/country:gb/part:eng/ced:e58000713,Maidstone Rural East ED,,,,
ocd-division/country:gb/part:eng/ced:e58000714,Maidstone Rural North ED,,,,
ocd-division/country:gb/part:eng/ced:e58000715,Maidstone Rural South ED,,,,
ocd-division/country:gb/part:eng/ced:e58000716,Maidstone Rural West ED,,,,
ocd-division/country:gb/part:eng/ced:e58000717,Maidstone South East ED,,,,
ocd-division/country:gb/part:eng/ced:e58000718,Maidstone South ED,,,,
ocd-division/country:gb/part:eng/ced:e58000720,Malling North East ED,,,,
ocd-division/country:gb/part:eng/ced:e58000721,Malling North ED,,,,
ocd-division/country:gb/part:eng/ced:e58000723,Malling West ED,,,,
ocd-division/country:gb/part:eng/ced:e58000724,Margate ED,,,,
ocd-division/country:gb/part:eng/ced:e58000725,Northfleet & Gravesend West ED,,,,
ocd-division/country:gb/part:eng/ced:e58000726,Ramsgate ED,,,,
ocd-division/country:gb/part:eng/ced:e58000727,Romney Marsh ED,,,,
ocd-division/country:gb/part:eng/ced:e58000728,Sandwich ED,,,,
ocd-division/country:gb/part:eng/ced:e58000729,Sevenoaks North & Darent Valley ED,,,,
ocd-division/country:gb/part:eng/ced:e58000730,Sevenoaks Rural North East ED,,,,
ocd-division/country:gb/part:eng/ced:e58000731,Sevenoaks Rural South ED,,,,
ocd-division/country:gb/part:eng/ced:e58000732,Sevenoaks Town ED,,,,
ocd-division/country:gb/part:eng/ced:e58000733,Sevenoaks West ED,,,,
ocd-division/country:gb/part:eng/ced:e58000734,Sheppey ED,,,,
ocd-division/country:gb/part:eng/ced:e58000735,Sittingbourne North ED,,,,
ocd-division/country:gb/part:eng/ced:e58000736,Sittingbourne South ED,,,,
ocd-division/country:gb/part:eng/ced:e58000737,Swale East ED,,,,
ocd-division/country:gb/part:eng/ced:e58000738,Swale West ED,,,,
ocd-division/country:gb/part:eng/ced:e58000739,Swanley ED,,,,
ocd-division/country:gb/part:eng/ced:e58000740,Swanscombe & Greenhithe ED,,,,
ocd-division/country:gb/part:eng/ced:e58000741,Tenterden ED,,,,
ocd-division/country:gb/part:eng/ced:e58000742,Tonbridge ED,,,,
ocd-division/country:gb/part:eng/ced:e58000743,Tunbridge Wells East ED,,,,
ocd-division/country:gb/part:eng/ced:e58000744,Tunbridge Wells North ED,,,,
ocd-division/country:gb/part:eng/ced:e58000745,Tunbridge Wells Rural ED,,,,
ocd-division/country:gb/part:eng/ced:e58000746,Tunbridge Wells South ED,,,,
ocd-division/country:gb/part:eng/ced:e58000747,Tunbridge Wells West ED,,,,
ocd-division/country:gb/part:eng/ced:e58000748,Whitstable East & Herne Bay West ED,,,,
ocd-division/country:gb/part:eng/ced:e58000749,Whitstable West ED,,,,
ocd-division/country:gb/part:eng/ced:e58000750,Wilmington ED,,,,
ocd-division/country:gb/part:eng/ced:e58000751,Accrington North ED,,,,
ocd-division/country:gb/part:eng/ced:e58000752,Accrington South ED,,,,
ocd-division/country:gb/part:eng/ced:e58000753,Accrington West & Oswaldtwistle Central ED,,,,
ocd-division/country:gb/part:eng/ced:e58000754,Brierfield & Nelson West ED,,,,
ocd-division/country:gb/part:eng/ced:e58000755,Burnley Central East ED,,,,
ocd-division/country:gb/part:eng/ced:e58000756,Burnley Central West ED,,,,
ocd-division/country:gb/part:eng/ced:e58000757,Burnley North East ED,,,,
ocd-division/country:gb/part:eng/ced:e58000758,Burnley Rural ED,,,,
ocd-division/country:gb/part:eng/ced:e58000759,Burnley South West ED,,,,
ocd-division/country:gb/part:eng/ced:e58000760,Burscough & Rufford ED,,,,
ocd-division/country:gb/part:eng/ced:e58000761,Chorley Central ED,,,,
ocd-division/country:gb/part:eng/ced:e58000762,Chorley North ED,,,,
ocd-division/country:gb/part:eng/ced:e58000763,Chorley Rural East ED,,,,
ocd-division/country:gb/part:eng/ced:e58000764,Chorley Rural West ED,,,,
ocd-division/country:gb/part:eng/ced:e58000765,Chorley South ED,,,,
ocd-division/country:gb/part:eng/ced:e58000766,Clayton with Whittle ED,,,,
ocd-division/country:gb/part:eng/ced:e58000767,Cleveleys East ED,,,,
ocd-division/country:gb/part:eng/ced:e58000768,Cleveleys South & Carleton ED,,,,
ocd-division/country:gb/part:eng/ced:e58000769,Clitheroe ED,,,,
ocd-division/country:gb/part:eng/ced:e58000770,"Euxton, Buckshaw & Astley ED",,,,
ocd-division/country:gb/part:eng/ced:e58000771,Fleetwood East ED,,,,
ocd-division/country:gb/part:eng/ced:e58000772,Fleetwood West & Cleveleys West ED,,,,
ocd-division/country:gb/part:eng/ced:e58000773,Fylde East ED,,,,
ocd-division/country:gb/part:eng/ced:e58000774,Fylde South ED,,,,
ocd-division/country:gb/part:eng/ced:e58000775,Fylde West ED,,,,
ocd-division/country:gb/part:eng/ced:e58000776,"Great Harwood, Rishton & Clayton-le-Moors ED",,,,
ocd-division/country:gb/part:eng/ced:e58000777,Heysham ED,,,,
ocd-division/country:gb/part:eng/ced:e58000778,Hoghton with Wheelton ED,,,,
ocd-division/country:gb/part:eng/ced:e58000779,Lancaster Central ED,,,,
ocd-division/country:gb/part:eng/ced:e58000780,Lancaster East ED,,,,
ocd-division/country:gb/part:eng/ced:e58000781,Lancaster Rural East ED,,,,
ocd-division/country:gb/part:eng/ced:e58000782,Lancaster Rural North ED,,,,
ocd-division/country:gb/part:eng/ced:e58000783,Lancaster South East ED,,,,
ocd-division/country:gb/part:eng/ced:e58000784,Leyland Central ED,,,,
ocd-division/country:gb/part:eng/ced:e58000785,Leyland South ED,,,,
ocd-division/country:gb/part:eng/ced:e58000786,Longridge with Bowland ED,,,,
ocd-division/country:gb/part:eng/ced:e58000787,Lostock Hall & Bamber Bridge ED,,,,
ocd-division/country:gb/part:eng/ced:e58000788,Lytham ED,,,,
ocd-division/country:gb/part:eng/ced:e58000789,Mid-Rossendale ED,,,,
ocd-division/country:gb/part:eng/ced:e58000790,Morecambe Central ED,,,,
ocd-division/country:gb/part:eng/ced:e58000791,Morecambe North ED,,,,
ocd-division/country:gb/part:eng/ced:e58000792,Morecambe South ED,,,,
ocd-division/country:gb/part:eng/ced:e58000793,Moss Side & Farington ED,,,,
ocd-division/country:gb/part:eng/ced:e58000794,Nelson East ED,,,,
ocd-division/country:gb/part:eng/ced:e58000795,Ormskirk ED,,,,
ocd-division/country:gb/part:eng/ced:e58000796,Oswaldtwistle ED,,,,
ocd-division/country:gb/part:eng/ced:e58000797,Padiham & Burnley West ED,,,,
ocd-division/country:gb/part:eng/ced:e58000798,Pendle Central ED,,,,
ocd-division/country:gb/part:eng/ced:e58000799,Pendle Hill ED,,,,
ocd-division/country:gb/part:eng/ced:e58000800,Pendle Rural ED,,,,
ocd-division/country:gb/part:eng/ced:e58000801,Penwortham East & Walton-le-Dale ED,,,,
ocd-division/country:gb/part:eng/ced:e58000802,Penwortham West ED,,,,
ocd-division/country:gb/part:eng/ced:e58000803,Poulton-le-Fylde ED,,,,
ocd-division/country:gb/part:eng/ced:e58000804,Preston Central East ED,,,,
ocd-division/country:gb/part:eng/ced:e58000805,Preston Central West ED,,,,
ocd-division/country:gb/part:eng/ced:e58000806,Preston City ED,,,,
ocd-division/country:gb/part:eng/ced:e58000807,Preston East ED,,,,
ocd-division/country:gb/part:eng/ced:e58000808,Preston North ED,,,,
ocd-division/country:gb/part:eng/ced:e58000809,Preston Rural ED,,,,
ocd-division/country:gb/part:eng/ced:e58000810,Preston South East ED,,,,
ocd-division/country:gb/part:eng/ced:e58000811,Preston South West ED,,,,
ocd-division/country:gb/part:eng/ced:e58000812,Preston West ED,,,,
ocd-division/country:gb/part:eng/ced:e58000813,Ribble Valley North East ED,,,,
ocd-division/country:gb/part:eng/ced:e58000814,Ribble Valley South West ED,,,,
ocd-division/country:gb/part:eng/ced:e58000815,Rossendale East ED,,,,
ocd-division/country:gb/part:eng/ced:e58000816,Rossendale South ED,,,,
ocd-division/country:gb/part:eng/ced:e58000817,Rossendale West ED,,,,
ocd-division/country:gb/part:eng/ced:e58000818,Skelmersdale Central ED,,,,
ocd-division/country:gb/part:eng/ced:e58000819,Skelmersdale East ED,,,,
ocd-division/country:gb/part:eng/ced:e58000820,Skelmersdale West ED,,,,
ocd-division/country:gb/part:eng/ced:e58000821,Skerton ED,,,,
ocd-division/country:gb/part:eng/ced:e58000822,South Ribble East ED,,,,
ocd-division/country:gb/part:eng/ced:e58000823,South Ribble West ED,,,,
ocd-division/country:gb/part:eng/ced:e58000824,St. Annes North ED,,,,
ocd-division/country:gb/part:eng/ced:e58000825,St. Annes South ED,,,,
ocd-division/country:gb/part:eng/ced:e58000826,Thornton & Hambleton ED,,,,
ocd-division/country:gb/part:eng/ced:e58000827,West Lancashire East ED,,,,
ocd-division/country:gb/part:eng/ced:e58000828,West Lancashire North ED,,,,
ocd-division/country:gb/part:eng/ced:e58000829,West Lancashire West ED,,,,
ocd-division/country:gb/part:eng/ced:e58000830,Whitworth & Bacup ED,,,,
ocd-division/country:gb/part:eng/ced:e58000831,Wyre Rural Central ED,,,,
ocd-division/country:gb/part:eng/ced:e58000832,Wyre Rural East ED,,,,
ocd-division/country:gb/part:eng/ced:e58000833,Ashby de la Zouch ED,,,,
ocd-division/country:gb/part:eng/ced:e58000834,Belvoir ED,,,,
ocd-division/country:gb/part:eng/ced:e58000835,Birstall ED,,,,
ocd-division/country:gb/part:eng/ced:e58000836,Blaby & Glen Parva ED,,,,
ocd-division/country:gb/part:eng/ced:e58000837,Bradgate ED,,,,
ocd-division/country:gb/part:eng/ced:e58000838,Braunstone ED,,,,
ocd-division/country:gb/part:eng/ced:e58000839,Broughton Astley ED,,,,
ocd-division/country:gb/part:eng/ced:e58000840,Bruntingthorpe ED,,,,
ocd-division/country:gb/part:eng/ced:e58000841,Burbage ED,,,,
ocd-division/country:gb/part:eng/ced:e58000842,Castle Donington & Kegworth ED,,,,
ocd-division/country:gb/part:eng/ced:e58000843,Coalville North ED,,,,
ocd-division/country:gb/part:eng/ced:e58000844,Coalville South ED,,,,
ocd-division/country:gb/part:eng/ced:e58000845,Cosby & Countesthorpe ED,,,,
ocd-division/country:gb/part:eng/ced:e58000846,De Montfort ED,,,,
ocd-division/country:gb/part:eng/ced:e58000847,Earl Shilton ED,,,,
ocd-division/country:gb/part:eng/ced:e58000848,East Wigston ED,,,,
ocd-division/country:gb/part:eng/ced:e58000849,Enderby & Lubbesthorpe ED,,,,
ocd-division/country:gb/part:eng/ced:e58000850,Forest & Measham ED,,,,
ocd-division/country:gb/part:eng/ced:e58000851,Gartree ED,,,,
ocd-division/country:gb/part:eng/ced:e58000852,"Glenfields, Kirby Muxloe & Leicester Forests ED",,,,
ocd-division/country:gb/part:eng/ced:e58000853,Groby & Ratby ED,,,,
ocd-division/country:gb/part:eng/ced:e58000854,Hollycroft ED,,,,
ocd-division/country:gb/part:eng/ced:e58000855,Ibstock & Appleby ED,,,,
ocd-division/country:gb/part:eng/ced:e58000856,Launde ED,,,,
ocd-division/country:gb/part:eng/ced:e58000857,Loughborough East ED,,,,
ocd-division/country:gb/part:eng/ced:e58000858,Loughborough North ED,,,,
ocd-division/country:gb/part:eng/ced:e58000859,Loughborough North West ED,,,,
ocd-division/country:gb/part:eng/ced:e58000860,Loughborough South ED,,,,
ocd-division/country:gb/part:eng/ced:e58000861,Loughborough South West ED,,,,
ocd-division/country:gb/part:eng/ced:e58000862,Lutterworth ED,,,,
ocd-division/country:gb/part:eng/ced:e58000863,Mallory ED,,,,
ocd-division/country:gb/part:eng/ced:e58000864,Market Bosworth ED,,,,
ocd-division/country:gb/part:eng/ced:e58000865,Market Harborough East ED,,,,
ocd-division/country:gb/part:eng/ced:e58000866,Market Harborough West & Foxton ED,,,,
ocd-division/country:gb/part:eng/ced:e58000867,"Markfield, Desford & Thornton ED",,,,
ocd-division/country:gb/part:eng/ced:e58000868,Melton East ED,,,,
ocd-division/country:gb/part:eng/ced:e58000869,Melton West ED,,,,
ocd-division/country:gb/part:eng/ced:e58000870,Melton Wolds ED,,,,
ocd-division/country:gb/part:eng/ced:e58000871,Narborough & Whetstone ED,,,,
ocd-division/country:gb/part:eng/ced:e58000872,North Wigston ED,,,,
ocd-division/country:gb/part:eng/ced:e58000873,Oadby ED,,,,
ocd-division/country:gb/part:eng/ced:e58000874,Quorn & Barrow ED,,,,
ocd-division/country:gb/part:eng/ced:e58000875,Rothley & Mountsorrel ED,,,,
ocd-division/country:gb/part:eng/ced:e58000876,Shepshed ED,,,,
ocd-division/country:gb/part:eng/ced:e58000877,Sileby & The Wolds ED,,,,
ocd-division/country:gb/part:eng/ced:e58000878,South & West Wigston ED,,,,
ocd-division/country:gb/part:eng/ced:e58000879,St. Marys ED,,,,
ocd-division/country:gb/part:eng/ced:e58000880,Stoney Stanton & Croft ED,,,,
ocd-division/country:gb/part:eng/ced:e58000881,Syston Fosse ED,,,,
ocd-division/country:gb/part:eng/ced:e58000882,Syston Ridgeway ED,,,,
ocd-division/country:gb/part:eng/ced:e58000883,Thurmaston Ridgemere ED,,,,
ocd-division/country:gb/part:eng/ced:e58000884,Valley ED,,,,
ocd-division/country:gb/part:eng/ced:e58000885,Whitwick ED,,,,
ocd-division/country:gb/part:eng/ced:e58000886,Alford & Sutton ED,,,,
ocd-division/country:gb/part:eng/ced:e58000887,Bardney & Cherry Willingham ED,,,,
ocd-division/country:gb/part:eng/ced:e58000888,Bassingham & Welbourn ED,,,,
ocd-division/country:gb/part:eng/ced:e58000889,Birchwood ED,,,,
ocd-division/country:gb/part:eng/ced:e58000890,Boston Coastal ED,,,,
ocd-division/country:gb/part:eng/ced:e58000891,Boston North ED,,,,
ocd-division/country:gb/part:eng/ced:e58000892,Boston Rural ED,,,,
ocd-division/country:gb/part:eng/ced:e58000893,Boston South ED,,,,
ocd-division/country:gb/part:eng/ced:e58000894,Boston West ED,,,,
ocd-division/country:gb/part:eng/ced:e58000895,Boultham ED,,,,
ocd-division/country:gb/part:eng/ced:e58000896,Bourne North and Morton ED,,,,
ocd-division/country:gb/part:eng/ced:e58000897,Bourne South and Thurlby ED,,,,
ocd-division/country:gb/part:eng/ced:e58000898,Carholme ED,,,,
ocd-division/country:gb/part:eng/ced:e58000899,Colsterworth Rural ED,,,,
ocd-division/country:gb/part:eng/ced:e58000900,Crowland ED,,,,
ocd-division/country:gb/part:eng/ced:e58000901,Deepings East ED,,,,
ocd-division/country:gb/part:eng/ced:e58000902,Deepings West and Rural ED,,,,
ocd-division/country:gb/part:eng/ced:e58000903,Donington Rural ED,,,,
ocd-division/country:gb/part:eng/ced:e58000904,Eagle & Hykeham West ED,,,,
ocd-division/country:gb/part:eng/ced:e58000905,Ermine & Cathedral ED,,,,
ocd-division/country:gb/part:eng/ced:e58000906,Folkingham Rural ED,,,,
ocd-division/country:gb/part:eng/ced:e58000907,Gainsborough Hill ED,,,,
ocd-division/country:gb/part:eng/ced:e58000908,Gainsborough Rural South ED,,,,
ocd-division/country:gb/part:eng/ced:e58000909,Gainsborough Trent ED,,,,
ocd-division/country:gb/part:eng/ced:e58000910,Grantham Barrowby ED,,,,
ocd-division/country:gb/part:eng/ced:e58000911,Grantham East ED,,,,
ocd-division/country:gb/part:eng/ced:e58000912,Grantham North ED,,,,
ocd-division/country:gb/part:eng/ced:e58000913,Grantham South ED,,,,
ocd-division/country:gb/part:eng/ced:e58000914,Grantham West ED,,,,
ocd-division/country:gb/part:eng/ced:e58000915,Hartsholme ED,,,,
ocd-division/country:gb/part:eng/ced:e58000916,Heckington ED,,,,
ocd-division/country:gb/part:eng/ced:e58000917,Holbeach ED,,,,
ocd-division/country:gb/part:eng/ced:e58000918,Holbeach Rural ED,,,,
ocd-division/country:gb/part:eng/ced:e58000919,Horncastle & the Keals ED,,,,
ocd-division/country:gb/part:eng/ced:e58000920,Hough ED,,,,
ocd-division/country:gb/part:eng/ced:e58000921,Hykeham Forum ED,,,,
ocd-division/country:gb/part:eng/ced:e58000922,Ingoldmells Rural ED,,,,
ocd-division/country:gb/part:eng/ced:e58000923,Louth North ED,,,,
ocd-division/country:gb/part:eng/ced:e58000924,Louth South ED,,,,
ocd-division/country:gb/part:eng/ced:e58000925,Louth Wolds ED,,,,
ocd-division/country:gb/part:eng/ced:e58000926,Mablethorpe ED,,,,
ocd-division/country:gb/part:eng/ced:e58000927,Market Rasen Wolds ED,,,,
ocd-division/country:gb/part:eng/ced:e58000928,Metheringham Rural ED,,,,
ocd-division/country:gb/part:eng/ced:e58000929,Nettleham & Saxilby ED,,,,
ocd-division/country:gb/part:eng/ced:e58000930,North Wolds ED,,,,
ocd-division/country:gb/part:eng/ced:e58000931,Park ED,,,,
ocd-division/country:gb/part:eng/ced:e58000932,Potterhanworth & Coleby ED,,,,
ocd-division/country:gb/part:eng/ced:e58000933,Ruskington ED,,,,
ocd-division/country:gb/part:eng/ced:e58000934,Saltfleet & the Cotes ED,,,,
ocd-division/country:gb/part:eng/ced:e58000935,Scotter Rural ED,,,,
ocd-division/country:gb/part:eng/ced:e58000936,Skegness North ED,,,,
ocd-division/country:gb/part:eng/ced:e58000937,Skegness South ED,,,,
ocd-division/country:gb/part:eng/ced:e58000938,Skirbeck ED,,,,
ocd-division/country:gb/part:eng/ced:e58000939,Sleaford ED,,,,
ocd-division/country:gb/part:eng/ced:e58000940,Sleaford Rural ED,,,,
ocd-division/country:gb/part:eng/ced:e58000941,Spalding East ED,,,,
ocd-division/country:gb/part:eng/ced:e58000942,Spalding Elloe ED,,,,
ocd-division/country:gb/part:eng/ced:e58000943,Spalding South ED,,,,
ocd-division/country:gb/part:eng/ced:e58000944,Spalding West ED,,,,
ocd-division/country:gb/part:eng/ced:e58000945,St. Giles ED,,,,
ocd-division/country:gb/part:eng/ced:e58000946,Stamford East ED,,,,
ocd-division/country:gb/part:eng/ced:e58000947,Stamford West ED,,,,
ocd-division/country:gb/part:eng/ced:e58000948,Swallow Beck & Witham ED,,,,
ocd-division/country:gb/part:eng/ced:e58000949,Tattershall Castle ED,,,,
ocd-division/country:gb/part:eng/ced:e58000950,The Suttons ED,,,,
ocd-division/country:gb/part:eng/ced:e58000951,Waddington & Hykeham East ED,,,,
ocd-division/country:gb/part:eng/ced:e58000952,Wainfleet ED,,,,
ocd-division/country:gb/part:eng/ced:e58000953,Washingborough ED,,,,
ocd-division/country:gb/part:eng/ced:e58000954,Welton Rural ED,,,,
ocd-division/country:gb/part:eng/ced:e58000955,Woodhall Spa & Wragby ED,,,,
ocd-division/country:gb/part:eng/ced:e58000956,Acle ED,,,,
ocd-division/country:gb/part:eng/ced:e58000957,Attleborough ED,,,,
ocd-division/country:gb/part:eng/ced:e58000958,Aylsham ED,,,,
ocd-division/country:gb/part:eng/ced:e58000959,Blofield and Brundall ED,,,,
ocd-division/country:gb/part:eng/ced:e58000960,Bowthorpe ED,,,,
ocd-division/country:gb/part:eng/ced:e58000961,Breydon ED,,,,
ocd-division/country:gb/part:eng/ced:e58000962,Caister-on-Sea ED,,,,
ocd-division/country:gb/part:eng/ced:e58000963,Catton Grove ED,,,,
ocd-division/country:gb/part:eng/ced:e58000964,Clavering ED,,,,
ocd-division/country:gb/part:eng/ced:e58000965,Clenchwarton and King's Lynn South ED,,,,
ocd-division/country:gb/part:eng/ced:e58000967,Crome ED,,,,
ocd-division/country:gb/part:eng/ced:e58000968,Cromer ED,,,,
ocd-division/country:gb/part:eng/ced:e58000969,Dereham North ED,,,,
ocd-division/country:gb/part:eng/ced:e58000970,Dereham South ED,,,,
ocd-division/country:gb/part:eng/ced:e58000971,Dersingham ED,,,,
ocd-division/country:gb/part:eng/ced:e58000972,Diss and Roydon ED,,,,
ocd-division/country:gb/part:eng/ced:e58000973,Docking ED,,,,
ocd-division/country:gb/part:eng/ced:e58000974,Downham Market ED,,,,
ocd-division/country:gb/part:eng/ced:e58000975,Drayton and Horsford ED,,,,
ocd-division/country:gb/part:eng/ced:e58000976,East Depwade ED,,,,
ocd-division/country:gb/part:eng/ced:e58000977,East Flegg ED,,,,
ocd-division/country:gb/part:eng/ced:e58000978,Eaton ED,,,,
ocd-division/country:gb/part:eng/ced:e58000979,Elmham and Mattishall ED,,,,
ocd-division/country:gb/part:eng/ced:e58000980,Fakenham ED,,,,
ocd-division/country:gb/part:eng/ced:e58000981,Feltwell ED,,,,
ocd-division/country:gb/part:eng/ced:e58000982,Fincham ED,,,,
ocd-division/country:gb/part:eng/ced:e58000983,Forehoe ED,,,,
ocd-division/country:gb/part:eng/ced:e58000984,Freebridge Lynn ED,,,,
ocd-division/country:gb/part:eng/ced:e58000985,Gayton and Nar Valley ED,,,,
ocd-division/country:gb/part:eng/ced:e58000986,Gaywood North and Central ED,,,,
ocd-division/country:gb/part:eng/ced:e58000987,Gaywood South ED,,,,
ocd-division/country:gb/part:eng/ced:e58000988,Gorleston St. Andrews ED,,,,
ocd-division/country:gb/part:eng/ced:e58000989,Guiltcross ED,,,,
ocd-division/country:gb/part:eng/ced:e58000990,Hellesdon ED,,,,
ocd-division/country:gb/part:eng/ced:e58000991,Henstead ED,,,,
ocd-division/country:gb/part:eng/ced:e58000992,Hevingham and Spixworth ED,,,,
ocd-division/country:gb/part:eng/ced:e58000993,Hingham ED,,,,
ocd-division/country:gb/part:eng/ced:e58000994,Holt ED,,,,
ocd-division/country:gb/part:eng/ced:e58000995,Hoveton and Stalham ED,,,,
ocd-division/country:gb/part:eng/ced:e58000997,King's Lynn North and Central ED,,,,
ocd-division/country:gb/part:eng/ced:e58000998,Lakenham ED,,,,
ocd-division/country:gb/part:eng/ced:e58000999,Loddon ED,,,,
ocd-division/country:gb/part:eng/ced:e58001000,Long Stratton ED,,,,
ocd-division/country:gb/part:eng/ced:e58001001,Lothingland ED,,,,
ocd-division/country:gb/part:eng/ced:e58001002,Magdalen ED,,,,
ocd-division/country:gb/part:eng/ced:e58001003,Mancroft ED,,,,
ocd-division/country:gb/part:eng/ced:e58001004,Marshland North ED,,,,
ocd-division/country:gb/part:eng/ced:e58001005,Marshland South ED,,,,
ocd-division/country:gb/part:eng/ced:e58001006,Melton Constable ED,,,,
ocd-division/country:gb/part:eng/ced:e58001007,Mile Cross ED,,,,
ocd-division/country:gb/part:eng/ced:e58001008,Mundesley ED,,,,
ocd-division/country:gb/part:eng/ced:e58001009,Necton and Launditch ED,,,,
ocd-division/country:gb/part:eng/ced:e58001010,Nelson ED,,,,
ocd-division/country:gb/part:eng/ced:e58001011,North Coast ED,,,,
ocd-division/country:gb/part:eng/ced:e58001012,North Walsham East ED,,,,
ocd-division/country:gb/part:eng/ced:e58001013,North Walsham West and Erpingham ED,,,,
ocd-division/country:gb/part:eng/ced:e58001014,Old Catton ED,,,,
ocd-division/country:gb/part:eng/ced:e58001015,Reepham ED,,,,
ocd-division/country:gb/part:eng/ced:e58001016,Sewell ED,,,,
ocd-division/country:gb/part:eng/ced:e58001017,Sheringham ED,,,,
ocd-division/country:gb/part:eng/ced:e58001018,South Smallburgh ED,,,,
ocd-division/country:gb/part:eng/ced:e58001019,Sprowston ED,,,,
ocd-division/country:gb/part:eng/ced:e58001020,Swaffham ED,,,,
ocd-division/country:gb/part:eng/ced:e58001021,Taverham ED,,,,
ocd-division/country:gb/part:eng/ced:e58001022,The Brecks ED,,,,
ocd-division/country:gb/part:eng/ced:e58001023,Thetford East ED,,,,
ocd-division/country:gb/part:eng/ced:e58001024,Thetford West ED,,,,
ocd-division/country:gb/part:eng/ced:e58001025,Thorpe Hamlet ED,,,,
ocd-division/country:gb/part:eng/ced:e58001026,Thorpe St. Andrew ED,,,,
ocd-division/country:gb/part:eng/ced:e58001028,Town Close ED,,,,
ocd-division/country:gb/part:eng/ced:e58001029,University ED,,,,
ocd-division/country:gb/part:eng/ced:e58001030,Watton ED,,,,
ocd-division/country:gb/part:eng/ced:e58001031,Wells ED,,,,
ocd-division/country:gb/part:eng/ced:e58001032,Wensum ED,,,,
ocd-division/country:gb/part:eng/ced:e58001033,West Depwade ED,,,,
ocd-division/country:gb/part:eng/ced:e58001034,West Flegg ED,,,,
ocd-division/country:gb/part:eng/ced:e58001035,Woodside ED,,,,
ocd-division/country:gb/part:eng/ced:e58001036,Wroxham ED,,,,
ocd-division/country:gb/part:eng/ced:e58001037,Wymondham ED,,,,
ocd-division/country:gb/part:eng/ced:e58001038,Yare and All Saints ED,,,,
ocd-division/country:gb/part:eng/ced:e58001039,Yarmouth Nelson and Southtown ED,,,,
ocd-division/country:gb/part:eng/ced:e58001040,Yarmouth North and Central ED,,,,
ocd-division/country:gb/part:eng/ced:e58001166,Arnold North ED,,,,
ocd-division/country:gb/part:eng/ced:e58001167,Arnold South ED,,,,
ocd-division/country:gb/part:eng/ced:e58001168,Ashfields ED,,,,
ocd-division/country:gb/part:eng/ced:e58001169,Balderton ED,,,,
ocd-division/country:gb/part:eng/ced:e58001170,Beeston Central & Rylands ED,,,,
ocd-division/country:gb/part:eng/ced:e58001171,Bingham East ED,,,,
ocd-division/country:gb/part:eng/ced:e58001172,Bingham West ED,,,,
ocd-division/country:gb/part:eng/ced:e58001173,Blidworth ED,,,,
ocd-division/country:gb/part:eng/ced:e58001174,Blyth & Harworth ED,,,,
ocd-division/country:gb/part:eng/ced:e58001175,Bramcote & Beeston North ED,,,,
ocd-division/country:gb/part:eng/ced:e58001176,Calverton ED,,,,
ocd-division/country:gb/part:eng/ced:e58001177,Carlton East ED,,,,
ocd-division/country:gb/part:eng/ced:e58001178,Carlton West ED,,,,
ocd-division/country:gb/part:eng/ced:e58001179,Collingham ED,,,,
ocd-division/country:gb/part:eng/ced:e58001180,Cotgrave ED,,,,
ocd-division/country:gb/part:eng/ced:e58001181,Eastwood ED,,,,
ocd-division/country:gb/part:eng/ced:e58001182,Farndon & Trent ED,,,,
ocd-division/country:gb/part:eng/ced:e58001183,Greasley & Brinsley ED,,,,
ocd-division/country:gb/part:eng/ced:e58001184,Hucknall North ED,,,,
ocd-division/country:gb/part:eng/ced:e58001185,Hucknall South ED,,,,
ocd-division/country:gb/part:eng/ced:e58001186,Hucknall West ED,,,,
ocd-division/country:gb/part:eng/ced:e58001187,Keyworth ED,,,,
ocd-division/country:gb/part:eng/ced:e58001188,Kirkby North ED,,,,
ocd-division/country:gb/part:eng/ced:e58001189,Kirkby South ED,,,,
ocd-division/country:gb/part:eng/ced:e58001190,Leake & Ruddington ED,,,,
ocd-division/country:gb/part:eng/ced:e58001191,Mansfield East ED,,,,
ocd-division/country:gb/part:eng/ced:e58001192,Mansfield North ED,,,,
ocd-division/country:gb/part:eng/ced:e58001193,Mansfield South ED,,,,
ocd-division/country:gb/part:eng/ced:e58001194,Mansfield West ED,,,,
ocd-division/country:gb/part:eng/ced:e58001195,Misterton ED,,,,
ocd-division/country:gb/part:eng/ced:e58001196,Muskham & Farnsfield ED,,,,
ocd-division/country:gb/part:eng/ced:e58001197,Newark East ED,,,,
ocd-division/country:gb/part:eng/ced:e58001198,Newark West ED,,,,
ocd-division/country:gb/part:eng/ced:e58001199,Newstead ED,,,,
ocd-division/country:gb/part:eng/ced:e58001200,Nuthall & Kimberley ED,,,,
ocd-division/country:gb/part:eng/ced:e58001201,Ollerton ED,,,,
ocd-division/country:gb/part:eng/ced:e58001202,Radcliffe on Trent ED,,,,
ocd-division/country:gb/part:eng/ced:e58001203,Retford East ED,,,,
ocd-division/country:gb/part:eng/ced:e58001204,Retford West ED,,,,
ocd-division/country:gb/part:eng/ced:e58001205,Selston ED,,,,
ocd-division/country:gb/part:eng/ced:e58001206,Sherwood Forest ED,,,,
ocd-division/country:gb/part:eng/ced:e58001207,Southwell ED,,,,
ocd-division/country:gb/part:eng/ced:e58001208,Stapleford & Broxtowe Central ED,,,,
ocd-division/country:gb/part:eng/ced:e58001209,Sutton Central & East ED,,,,
ocd-division/country:gb/part:eng/ced:e58001210,Sutton North ED,,,,
ocd-division/country:gb/part:eng/ced:e58001211,Sutton West ED,,,,
ocd-division/country:gb/part:eng/ced:e58001212,"Toton, Chilwell & Attenborough ED",,,,
ocd-division/country:gb/part:eng/ced:e58001213,Tuxford ED,,,,
ocd-division/country:gb/part:eng/ced:e58001214,Warsop ED,,,,
ocd-division/country:gb/part:eng/ced:e58001215,West Bridgford North ED,,,,
ocd-division/country:gb/part:eng/ced:e58001216,West Bridgford South ED,,,,
ocd-division/country:gb/part:eng/ced:e58001217,West Bridgford West ED,,,,
ocd-division/country:gb/part:eng/ced:e58001218,Worksop East ED,,,,
ocd-division/country:gb/part:eng/ced:e58001219,Worksop North ED,,,,
ocd-division/country:gb/part:eng/ced:e58001220,Worksop South ED,,,,
ocd-division/country:gb/part:eng/ced:e58001221,Worksop West ED,,,,
ocd-division/country:gb/part:eng/ced:e58001224,Abingdon South ED,,,,
ocd-division/country:gb/part:eng/ced:e58001225,Banbury Calthorpe ED,,,,
ocd-division/country:gb/part:eng/ced:e58001226,Banbury Grimsbury and Castle ED,,,,
ocd-division/country:gb/part:eng/ced:e58001229,"Barton, Sandhills and Risinghurst ED",,,,
ocd-division/country:gb/part:eng/ced:e58001231,Berinsfield and Garsington ED,,,,
ocd-division/country:gb/part:eng/ced:e58001232,Bicester North ED,,,,
ocd-division/country:gb/part:eng/ced:e58001233,Bicester Town ED,,,,
ocd-division/country:gb/part:eng/ced:e58001234,Bicester West ED,,,,
ocd-division/country:gb/part:eng/ced:e58001236,Burford and Carterton North ED,,,,
ocd-division/country:gb/part:eng/ced:e58001237,Carterton South and West ED,,,,
ocd-division/country:gb/part:eng/ced:e58001239,Charlbury and Wychwood ED,,,,
ocd-division/country:gb/part:eng/ced:e58001240,Chipping Norton ED,,,,
ocd-division/country:gb/part:eng/ced:e58001241,Churchill and Lye Valley ED,,,,
ocd-division/country:gb/part:eng/ced:e58001242,Cowley ED,,,,
ocd-division/country:gb/part:eng/ced:e58001247,Eynsham ED,,,,
ocd-division/country:gb/part:eng/ced:e58001248,Faringdon ED,,,,
ocd-division/country:gb/part:eng/ced:e58001251,Hanborough and Minster Lovell ED,,,,
ocd-division/country:gb/part:eng/ced:e58001252,Headington and Quarry ED,,,,
ocd-division/country:gb/part:eng/ced:e58001255,Iffley Fields and St. Mary's ED,,,,
ocd-division/country:gb/part:eng/ced:e58001256,Isis ED,,,,
ocd-division/country:gb/part:eng/ced:e58001257,Jericho and Osney ED,,,,
ocd-division/country:gb/part:eng/ced:e58001259,Kidlington South ED,,,,
ocd-division/country:gb/part:eng/ced:e58001261,Kirtlington and Kidlington North ED,,,,
ocd-division/country:gb/part:eng/ced:e58001262,Leys ED,,,,
ocd-division/country:gb/part:eng/ced:e58001263,Marston and Northway ED,,,,
ocd-division/country:gb/part:eng/ced:e58001264,North Hinksey ED,,,,
ocd-division/country:gb/part:eng/ced:e58001267,Rose Hill and Littlemore ED,,,,
ocd-division/country:gb/part:eng/ced:e58001268,Shrivenham ED,,,,
ocd-division/country:gb/part:eng/ced:e58001270,St. Clement's and Cowley Marsh ED,,,,
ocd-division/country:gb/part:eng/ced:e58001271,St. Margaret's ED,,,,
ocd-division/country:gb/part:eng/ced:e58001273,Thame and Chinnor ED,,,,
ocd-division/country:gb/part:eng/ced:e58001274,University Parks ED,,,,
ocd-division/country:gb/part:eng/ced:e58001277,Witney North and East ED,,,,
ocd-division/country:gb/part:eng/ced:e58001278,Witney South and Central ED,,,,
ocd-division/country:gb/part:eng/ced:e58001279,Witney West and Bampton ED,,,,
ocd-division/country:gb/part:eng/ced:e58001280,Wolvercote and Summertown ED,,,,
ocd-division/country:gb/part:eng/ced:e58001281,Woodstock ED,,,,
ocd-division/country:gb/part:eng/ced:e58001337,Amington ED,,,,
ocd-division/country:gb/part:eng/ced:e58001338,Audley and Chesterton ED,,,,
ocd-division/country:gb/part:eng/ced:e58001339,Biddulph North ED,,,,
ocd-division/country:gb/part:eng/ced:e58001340,Biddulph South and Endon ED,,,,
ocd-division/country:gb/part:eng/ced:e58001341,Bolebridge ED,,,,
ocd-division/country:gb/part:eng/ced:e58001342,"Bradwell, Porthill and Wolstanton ED",,,,
ocd-division/country:gb/part:eng/ced:e58001343,Brereton and Ravenhill ED,,,,
ocd-division/country:gb/part:eng/ced:e58001344,Brewood ED,,,,
ocd-division/country:gb/part:eng/ced:e58001345,Burntwood North ED,,,,
ocd-division/country:gb/part:eng/ced:e58001346,Burntwood South ED,,,,
ocd-division/country:gb/part:eng/ced:e58001347,Burton Tower ED,,,,
ocd-division/country:gb/part:eng/ced:e58001348,Burton Town ED,,,,
ocd-division/country:gb/part:eng/ced:e58001349,Burton Trent ED,,,,
ocd-division/country:gb/part:eng/ced:e58001350,Cannock Town Centre ED,,,,
ocd-division/country:gb/part:eng/ced:e58001351,Cannock Villages ED,,,,
ocd-division/country:gb/part:eng/ced:e58001352,Caverswall ED,,,,
ocd-division/country:gb/part:eng/ced:e58001353,Chadsmoor ED,,,,
ocd-division/country:gb/part:eng/ced:e58001354,Cheadle and Checkley ED,,,,
ocd-division/country:gb/part:eng/ced:e58001355,"Cheslyn Hay, Essington and Great Wyrley ED",,,,
ocd-division/country:gb/part:eng/ced:e58001356,Churnet Valley ED,,,,
ocd-division/country:gb/part:eng/ced:e58001357,Codsall ED,,,,
ocd-division/country:gb/part:eng/ced:e58001358,Dove ED,,,,
ocd-division/country:gb/part:eng/ced:e58001359,Eccleshall ED,,,,
ocd-division/country:gb/part:eng/ced:e58001360,Etching Hill and Heath ED,,,,
ocd-division/country:gb/part:eng/ced:e58001361,Gnosall and Doxey ED,,,,
ocd-division/country:gb/part:eng/ced:e58001362,Hednesford and Rawnsley ED,,,,
ocd-division/country:gb/part:eng/ced:e58001363,Horninglow and Stretton ED,,,,
ocd-division/country:gb/part:eng/ced:e58001364,"Keele, Knutton and Silverdale ED",,,,
ocd-division/country:gb/part:eng/ced:e58001365,Kidsgrove ED,,,,
ocd-division/country:gb/part:eng/ced:e58001366,Kinver ED,,,,
ocd-division/country:gb/part:eng/ced:e58001367,Leek Rural ED,,,,
ocd-division/country:gb/part:eng/ced:e58001368,Leek South ED,,,,
ocd-division/country:gb/part:eng/ced:e58001369,Lichfield City North ED,,,,
ocd-division/country:gb/part:eng/ced:e58001370,Lichfield City South ED,,,,
ocd-division/country:gb/part:eng/ced:e58001371,Lichfield Rural East ED,,,,
ocd-division/country:gb/part:eng/ced:e58001372,Lichfield Rural North ED,,,,
ocd-division/country:gb/part:eng/ced:e58001373,Lichfield Rural South ED,,,,
ocd-division/country:gb/part:eng/ced:e58001374,Lichfield Rural West ED,,,,
ocd-division/country:gb/part:eng/ced:e58001375,May Bank and Cross Heath ED,,,,
ocd-division/country:gb/part:eng/ced:e58001376,Needwood Forest ED,,,,
ocd-division/country:gb/part:eng/ced:e58001377,Newcastle Rural ED,,,,
ocd-division/country:gb/part:eng/ced:e58001378,Newcastle South ED,,,,
ocd-division/country:gb/part:eng/ced:e58001379,Penkridge ED,,,,
ocd-division/country:gb/part:eng/ced:e58001380,Perrycrofts ED,,,,
ocd-division/country:gb/part:eng/ced:e58001381,Perton ED,,,,
ocd-division/country:gb/part:eng/ced:e58001382,Stafford Central ED,,,,
ocd-division/country:gb/part:eng/ced:e58001383,Stafford North ED,,,,
ocd-division/country:gb/part:eng/ced:e58001384,Stafford South East ED,,,,
ocd-division/country:gb/part:eng/ced:e58001385,Stafford Trent Valley ED,,,,
ocd-division/country:gb/part:eng/ced:e58001386,Stafford West ED,,,,
ocd-division/country:gb/part:eng/ced:e58001387,Stone Rural ED,,,,
ocd-division/country:gb/part:eng/ced:e58001388,Stone Urban ED,,,,
ocd-division/country:gb/part:eng/ced:e58001389,Stonydelph ED,,,,
ocd-division/country:gb/part:eng/ced:e58001390,Talke and Red Street ED,,,,
ocd-division/country:gb/part:eng/ced:e58001391,Uttoxeter Rural ED,,,,
ocd-division/country:gb/part:eng/ced:e58001392,Uttoxeter Town ED,,,,
ocd-division/country:gb/part:eng/ced:e58001393,Watling North ED,,,,
ocd-division/country:gb/part:eng/ced:e58001394,Watling South ED,,,,
ocd-division/country:gb/part:eng/ced:e58001395,Westlands and Thistleberry ED,,,,
ocd-division/country:gb/part:eng/ced:e58001396,Wombourne ED,,,,
ocd-division/country:gb/part:eng/ced:e58001397,Aldeburgh and Leiston ED,,,,
ocd-division/country:gb/part:eng/ced:e58001398,Beccles ED,,,,
ocd-division/country:gb/part:eng/ced:e58001399,Belstead Brook ED,,,,
ocd-division/country:gb/part:eng/ced:e58001400,Bixley ED,,,,
ocd-division/country:gb/part:eng/ced:e58001401,Blackbourn ED,,,,
ocd-division/country:gb/part:eng/ced:e58001402,Blything ED,,,,
ocd-division/country:gb/part:eng/ced:e58001403,Bosmere ED,,,,
ocd-division/country:gb/part:eng/ced:e58001404,Brandon ED,,,,
ocd-division/country:gb/part:eng/ced:e58001405,Bridge ED,,,,
ocd-division/country:gb/part:eng/ced:e58001406,Bungay ED,,,,
ocd-division/country:gb/part:eng/ced:e58001407,Carlford ED,,,,
ocd-division/country:gb/part:eng/ced:e58001408,Chantry ED,,,,
ocd-division/country:gb/part:eng/ced:e58001410,Cosford ED,,,,
ocd-division/country:gb/part:eng/ced:e58001412,Exning and Newmarket ED,,,,
ocd-division/country:gb/part:eng/ced:e58001413,Felixstowe Coastal ED,,,,
ocd-division/country:gb/part:eng/ced:e58001414,Felixstowe North and Trimley ED,,,,
ocd-division/country:gb/part:eng/ced:e58001415,Framlingham ED,,,,
ocd-division/country:gb/part:eng/ced:e58001416,Gainsborough ED,,,,
ocd-division/country:gb/part:eng/ced:e58001417,Gipping Valley ED,,,,
ocd-division/country:gb/part:eng/ced:e58001418,Great Cornard ED,,,,
ocd-division/country:gb/part:eng/ced:e58001419,Gunton ED,,,,
ocd-division/country:gb/part:eng/ced:e58001420,Hadleigh ED,,,,
ocd-division/country:gb/part:eng/ced:e58001421,Halesworth ED,,,,
ocd-division/country:gb/part:eng/ced:e58001423,Hartismere ED,,,,
ocd-division/country:gb/part:eng/ced:e58001426,Hoxne and Eye ED,,,,
ocd-division/country:gb/part:eng/ced:e58001427,Kesgrave and Rushmere St. Andrew ED,,,,
ocd-division/country:gb/part:eng/ced:e58001428,Kessingland and Southwold ED,,,,
ocd-division/country:gb/part:eng/ced:e58001429,Lowestoft South ED,,,,
ocd-division/country:gb/part:eng/ced:e58001430,Martlesham ED,,,,
ocd-division/country:gb/part:eng/ced:e58001431,Melford ED,,,,
ocd-division/country:gb/part:eng/ced:e58001432,Mildenhall ED,,,,
ocd-division/country:gb/part:eng/ced:e58001433,Newmarket and Red Lodge ED,,,,
ocd-division/country:gb/part:eng/ced:e58001434,Oulton ED,,,,
ocd-division/country:gb/part:eng/ced:e58001435,Pakefield ED,,,,
ocd-division/country:gb/part:eng/ced:e58001436,Peninsula ED,,,,
ocd-division/country:gb/part:eng/ced:e58001437,Priory Heath ED,,,,
ocd-division/country:gb/part:eng/ced:e58001438,Row Heath ED,,,,
ocd-division/country:gb/part:eng/ced:e58001439,Rushmere ED,,,,
ocd-division/country:gb/part:eng/ced:e58001440,Samford ED,,,,
ocd-division/country:gb/part:eng/ced:e58001441,St. Helen's ED,,,,
ocd-division/country:gb/part:eng/ced:e58001442,St. John's ED,,,,
ocd-division/country:gb/part:eng/ced:e58001443,St. Margaret's and Westgate ED,,,,
ocd-division/country:gb/part:eng/ced:e58001444,Stour Valley ED,,,,
ocd-division/country:gb/part:eng/ced:e58001445,Stowmarket North and Stowupland ED,,,,
ocd-division/country:gb/part:eng/ced:e58001446,Stowmarket South ED,,,,
ocd-division/country:gb/part:eng/ced:e58001447,Sudbury East and Waldingfield ED,,,,
ocd-division/country:gb/part:eng/ced:e58001448,Sudbury ED,,,,
ocd-division/country:gb/part:eng/ced:e58001449,Thedwastre North ED,,,,
ocd-division/country:gb/part:eng/ced:e58001450,Thedwastre South ED,,,,
ocd-division/country:gb/part:eng/ced:e58001453,Thredling ED,,,,
ocd-division/country:gb/part:eng/ced:e58001455,Upper Gipping ED,,,,
ocd-division/country:gb/part:eng/ced:e58001456,Whitehouse and Whitton ED,,,,
ocd-division/country:gb/part:eng/ced:e58001457,Wickham ED,,,,
ocd-division/country:gb/part:eng/ced:e58001458,Wilford ED,,,,
ocd-division/country:gb/part:eng/ced:e58001459,Woodbridge ED,,,,
ocd-division/country:gb/part:eng/ced:e58001460,Addlestone ED,,,,
ocd-division/country:gb/part:eng/ced:e58001461,Ash ED,,,,
ocd-division/country:gb/part:eng/ced:e58001462,Ashford ED,,,,
ocd-division/country:gb/part:eng/ced:e58001463,Ashtead ED,,,,
ocd-division/country:gb/part:eng/ced:e58001464,"Bagshot, Windlesham and Chobham ED",,,,
ocd-division/country:gb/part:eng/ced:e58001465,"Banstead, Woodmansterne and Chipstead ED",,,,
ocd-division/country:gb/part:eng/ced:e58001466,Bookham and Fetcham West ED,,,,
ocd-division/country:gb/part:eng/ced:e58001467,Camberley East ED,,,,
ocd-division/country:gb/part:eng/ced:e58001468,Camberley West ED,,,,
ocd-division/country:gb/part:eng/ced:e58001469,Caterham Hill ED,,,,
ocd-division/country:gb/part:eng/ced:e58001470,Caterham Valley ED,,,,
ocd-division/country:gb/part:eng/ced:e58001471,Chertsey ED,,,,
ocd-division/country:gb/part:eng/ced:e58001472,Cobham ED,,,,
ocd-division/country:gb/part:eng/ced:e58001473,Cranleigh and Ewhurst ED,,,,
ocd-division/country:gb/part:eng/ced:e58001474,Dorking Hills ED,,,,
ocd-division/country:gb/part:eng/ced:e58001475,Dorking Rural ED,,,,
ocd-division/country:gb/part:eng/ced:e58001476,Dorking South and the Holmwoods ED,,,,
ocd-division/country:gb/part:eng/ced:e58001477,Earlswood and Reigate South ED,,,,
ocd-division/country:gb/part:eng/ced:e58001478,East Molesey and Esher ED,,,,
ocd-division/country:gb/part:eng/ced:e58001479,Egham ED,,,,
ocd-division/country:gb/part:eng/ced:e58001480,Englefield Green ED,,,,
ocd-division/country:gb/part:eng/ced:e58001481,Epsom Town and Downs ED,,,,
ocd-division/country:gb/part:eng/ced:e58001482,Epsom West ED,,,,
ocd-division/country:gb/part:eng/ced:e58001483,"Ewell Court, Auriol and Cuddington ED",,,,
ocd-division/country:gb/part:eng/ced:e58001484,Ewell ED,,,,
ocd-division/country:gb/part:eng/ced:e58001485,Farnham Central ED,,,,
ocd-division/country:gb/part:eng/ced:e58001486,Farnham North ED,,,,
ocd-division/country:gb/part:eng/ced:e58001487,Farnham South ED,,,,
ocd-division/country:gb/part:eng/ced:e58001488,"Foxhills, Thorpe and Virginia Water ED",,,,
ocd-division/country:gb/part:eng/ced:e58001489,Frimley Green and Mytchett ED,,,,
ocd-division/country:gb/part:eng/ced:e58001490,Godalming North ED,,,,
ocd-division/country:gb/part:eng/ced:e58001491,"Godalming South, Milford and Witley ED",,,,
ocd-division/country:gb/part:eng/ced:e58001492,Godstone ED,,,,
ocd-division/country:gb/part:eng/ced:e58001493,Goldsworth East and Horsell Village ED,,,,
ocd-division/country:gb/part:eng/ced:e58001494,Guildford East ED,,,,
ocd-division/country:gb/part:eng/ced:e58001495,Guildford North ED,,,,
ocd-division/country:gb/part:eng/ced:e58001496,Guildford South East ED,,,,
ocd-division/country:gb/part:eng/ced:e58001497,Guildford South West ED,,,,
ocd-division/country:gb/part:eng/ced:e58001498,Guildford West ED,,,,
ocd-division/country:gb/part:eng/ced:e58001499,Haslemere ED,,,,
ocd-division/country:gb/part:eng/ced:e58001500,Heatherside and Parkside ED,,,,
ocd-division/country:gb/part:eng/ced:e58001501,Hersham ED,,,,
ocd-division/country:gb/part:eng/ced:e58001502,"Hinchley Wood, Claygate and Oxshott ED",,,,
ocd-division/country:gb/part:eng/ced:e58001503,Horley East ED,,,,
ocd-division/country:gb/part:eng/ced:e58001504,"Horley West, Salfords and Sidlow ED",,,,
ocd-division/country:gb/part:eng/ced:e58001505,Horsleys ED,,,,
ocd-division/country:gb/part:eng/ced:e58001506,Knaphill and Goldsworth West ED,,,,
ocd-division/country:gb/part:eng/ced:e58001507,Laleham and Shepperton ED,,,,
ocd-division/country:gb/part:eng/ced:e58001508,Leatherhead and Fetcham East ED,,,,
ocd-division/country:gb/part:eng/ced:e58001509,"Lightwater, West End and Bisley ED",,,,
ocd-division/country:gb/part:eng/ced:e58001511,Lingfield ED,,,,
ocd-division/country:gb/part:eng/ced:e58001512,Lower Sunbury and Halliford ED,,,,
ocd-division/country:gb/part:eng/ced:e58001513,Merstham and Banstead South ED,,,,
ocd-division/country:gb/part:eng/ced:e58001514,Nork and Tattenhams ED,,,,
ocd-division/country:gb/part:eng/ced:e58001515,Oxted ED,,,,
ocd-division/country:gb/part:eng/ced:e58001516,Redhill East ED,,,,
ocd-division/country:gb/part:eng/ced:e58001517,Redhill West and Meadvale ED,,,,
ocd-division/country:gb/part:eng/ced:e58001518,Reigate ED,,,,
ocd-division/country:gb/part:eng/ced:e58001519,Shalford ED,,,,
ocd-division/country:gb/part:eng/ced:e58001520,Shere ED,,,,
ocd-division/country:gb/part:eng/ced:e58001521,Staines ED,,,,
ocd-division/country:gb/part:eng/ced:e58001522,Staines South and Ashford West ED,,,,
ocd-division/country:gb/part:eng/ced:e58001523,Stanwell and Stanwell Moor ED,,,,
ocd-division/country:gb/part:eng/ced:e58001524,Sunbury Common and Ashford Common ED,,,,
ocd-division/country:gb/part:eng/ced:e58001525,"Tadworth, Walton and Kingswood ED",,,,
ocd-division/country:gb/part:eng/ced:e58001526,The Byfleets ED,,,,
ocd-division/country:gb/part:eng/ced:e58001527,The Dittons ED,,,,
ocd-division/country:gb/part:eng/ced:e58001528,Walton ED,,,,
ocd-division/country:gb/part:eng/ced:e58001529,Walton South and Oatlands ED,,,,
ocd-division/country:gb/part:eng/ced:e58001530,Warlingham ED,,,,
ocd-division/country:gb/part:eng/ced:e58001531,Waverley Eastern Villages ED,,,,
ocd-division/country:gb/part:eng/ced:e58001532,Waverley Western Villages ED,,,,
ocd-division/country:gb/part:eng/ced:e58001533,West Ewell ED,,,,
ocd-division/country:gb/part:eng/ced:e58001534,West Molesey ED,,,,
ocd-division/country:gb/part:eng/ced:e58001535,Weybridge ED,,,,
ocd-division/country:gb/part:eng/ced:e58001536,Woking North ED,,,,
ocd-division/country:gb/part:eng/ced:e58001537,Woking South East ED,,,,
ocd-division/country:gb/part:eng/ced:e58001538,Woking South ED,,,,
ocd-division/country:gb/part:eng/ced:e58001539,Woking South West ED,,,,
ocd-division/country:gb/part:eng/ced:e58001540,Woodham and New Haw ED,,,,
ocd-division/country:gb/part:eng/ced:e58001541,Worplesdon ED,,,,
ocd-division/country:gb/part:eng/ced:e58001542,Admirals & Cawston ED,,,,
ocd-division/country:gb/part:eng/ced:e58001543,Alcester ED,,,,
ocd-division/country:gb/part:eng/ced:e58001544,Arbury ED,,,,
ocd-division/country:gb/part:eng/ced:e58001545,Arden ED,,,,
ocd-division/country:gb/part:eng/ced:e58001546,Atherstone ED,,,,
ocd-division/country:gb/part:eng/ced:e58001547,Attleborough ED,,,,
ocd-division/country:gb/part:eng/ced:e58001548,Baddesley & Dordon ED,,,,
ocd-division/country:gb/part:eng/ced:e58001549,Bedworth Central ED,,,,
ocd-division/country:gb/part:eng/ced:e58001550,Bedworth East ED,,,,
ocd-division/country:gb/part:eng/ced:e58001551,Bedworth North ED,,,,
ocd-division/country:gb/part:eng/ced:e58001552,Bedworth West ED,,,,
ocd-division/country:gb/part:eng/ced:e58001553,Benn ED,,,,
ocd-division/country:gb/part:eng/ced:e58001554,Bidford & Welford ED,,,,
ocd-division/country:gb/part:eng/ced:e58001555,Bilton & Hillside ED,,,,
ocd-division/country:gb/part:eng/ced:e58001556,Brownsover & Coton Park ED,,,,
ocd-division/country:gb/part:eng/ced:e58001557,Budbrooke & Bishop's Tachbrook ED,,,,
ocd-division/country:gb/part:eng/ced:e58001558,Bulkington & Whitestone ED,,,,
ocd-division/country:gb/part:eng/ced:e58001559,Camp Hill ED,,,,
ocd-division/country:gb/part:eng/ced:e58001560,Coleshill North & Water Orton ED,,,,
ocd-division/country:gb/part:eng/ced:e58001561,Coleshill South & Arley ED,,,,
ocd-division/country:gb/part:eng/ced:e58001562,Cubbington & Leek Wootton ED,,,,
ocd-division/country:gb/part:eng/ced:e58001563,Dunsmore & Leam Valley ED,,,,
ocd-division/country:gb/part:eng/ced:e58001564,Earl Craven ED,,,,
ocd-division/country:gb/part:eng/ced:e58001565,Eastlands ED,,,,
ocd-division/country:gb/part:eng/ced:e58001566,Feldon ED,,,,
ocd-division/country:gb/part:eng/ced:e58001567,Fosse ED,,,,
ocd-division/country:gb/part:eng/ced:e58001568,Galley Common ED,,,,
ocd-division/country:gb/part:eng/ced:e58001569,Hartshill & Mancetter ED,,,,
ocd-division/country:gb/part:eng/ced:e58001570,Hillmorton ED,,,,
ocd-division/country:gb/part:eng/ced:e58001571,Kenilworth Park Hill ED,,,,
ocd-division/country:gb/part:eng/ced:e58001572,Kenilworth St. John's ED,,,,
ocd-division/country:gb/part:eng/ced:e58001573,Kineton & Red Horse ED,,,,
ocd-division/country:gb/part:eng/ced:e58001574,Kingsbury ED,,,,
ocd-division/country:gb/part:eng/ced:e58001575,Lapworth & West Kenilworth ED,,,,
ocd-division/country:gb/part:eng/ced:e58001576,Leamington Brunswick ED,,,,
ocd-division/country:gb/part:eng/ced:e58001577,Leamington Clarendon ED,,,,
ocd-division/country:gb/part:eng/ced:e58001578,Leamington Milverton ED,,,,
ocd-division/country:gb/part:eng/ced:e58001579,Leamington North ED,,,,
ocd-division/country:gb/part:eng/ced:e58001580,Leamington Willes ED,,,,
ocd-division/country:gb/part:eng/ced:e58001581,New Bilton & Overslade ED,,,,
ocd-division/country:gb/part:eng/ced:e58001582,Nuneaton Abbey ED,,,,
ocd-division/country:gb/part:eng/ced:e58001583,Nuneaton East ED,,,,
ocd-division/country:gb/part:eng/ced:e58001584,Polesworth ED,,,,
ocd-division/country:gb/part:eng/ced:e58001585,Shipston ED,,,,
ocd-division/country:gb/part:eng/ced:e58001586,"Southam, Stockton & Napton ED",,,,
ocd-division/country:gb/part:eng/ced:e58001587,Stockingford ED,,,,
ocd-division/country:gb/part:eng/ced:e58001588,Stour & the Vale ED,,,,
ocd-division/country:gb/part:eng/ced:e58001589,Stratford North ED,,,,
ocd-division/country:gb/part:eng/ced:e58001590,Stratford South ED,,,,
ocd-division/country:gb/part:eng/ced:e58001591,Stratford West ED,,,,
ocd-division/country:gb/part:eng/ced:e58001592,Studley ED,,,,
ocd-division/country:gb/part:eng/ced:e58001593,Warwick North ED,,,,
ocd-division/country:gb/part:eng/ced:e58001594,Warwick South ED,,,,
ocd-division/country:gb/part:eng/ced:e58001595,Warwick West ED,,,,
ocd-division/country:gb/part:eng/ced:e58001596,Weddington ED,,,,
ocd-division/country:gb/part:eng/ced:e58001597,Wellesbourne ED,,,,
ocd-division/country:gb/part:eng/ced:e58001598,Whitnash ED,,,,
ocd-division/country:gb/part:eng/ced:e58001599,Angmering & Findon ED,,,,
ocd-division/country:gb/part:eng/ced:e58001600,Arundel & Courtwick ED,,,,
ocd-division/country:gb/part:eng/ced:e58001601,Bersted ED,,,,
ocd-division/country:gb/part:eng/ced:e58001602,Bewbush & Ifield West ED,,,,
ocd-division/country:gb/part:eng/ced:e58001603,Billingshurst ED,,,,
ocd-division/country:gb/part:eng/ced:e58001604,Bognor Regis East ED,,,,
ocd-division/country:gb/part:eng/ced:e58001605,Bognor Regis West & Aldwick ED,,,,
ocd-division/country:gb/part:eng/ced:e58001606,Bourne ED,,,,
ocd-division/country:gb/part:eng/ced:e58001607,Bramber Castle ED,,,,
ocd-division/country:gb/part:eng/ced:e58001608,Broadbridge ED,,,,
ocd-division/country:gb/part:eng/ced:e58001609,Broadfield ED,,,,
ocd-division/country:gb/part:eng/ced:e58001610,Broadwater ED,,,,
ocd-division/country:gb/part:eng/ced:e58001611,Burgess Hill East ED,,,,
ocd-division/country:gb/part:eng/ced:e58001612,Burgess Hill North ED,,,,
ocd-division/country:gb/part:eng/ced:e58001613,Chichester East ED,,,,
ocd-division/country:gb/part:eng/ced:e58001614,Chichester North ED,,,,
ocd-division/country:gb/part:eng/ced:e58001615,Chichester South ED,,,,
ocd-division/country:gb/part:eng/ced:e58001616,Chichester West ED,,,,
ocd-division/country:gb/part:eng/ced:e58001617,Cissbury ED,,,,
ocd-division/country:gb/part:eng/ced:e58001618,Cuckfield & Lucastes ED,,,,
ocd-division/country:gb/part:eng/ced:e58001619,Durrington & Salvington ED,,,,
ocd-division/country:gb/part:eng/ced:e58001620,East Grinstead Meridian ED,,,,
ocd-division/country:gb/part:eng/ced:e58001621,East Grinstead South & Ashurst Wood ED,,,,
ocd-division/country:gb/part:eng/ced:e58001622,East Preston & Ferring ED,,,,
ocd-division/country:gb/part:eng/ced:e58001623,Felpham ED,,,,
ocd-division/country:gb/part:eng/ced:e58001624,Fontwell ED,,,,
ocd-division/country:gb/part:eng/ced:e58001625,Goring ED,,,,
ocd-division/country:gb/part:eng/ced:e58001626,Hassocks & Burgess Hill South ED,,,,
ocd-division/country:gb/part:eng/ced:e58001627,Haywards Heath East ED,,,,
ocd-division/country:gb/part:eng/ced:e58001628,Haywards Heath Town ED,,,,
ocd-division/country:gb/part:eng/ced:e58001629,Henfield ED,,,,
ocd-division/country:gb/part:eng/ced:e58001630,Holbrook ED,,,,
ocd-division/country:gb/part:eng/ced:e58001631,Horsham East ED,,,,
ocd-division/country:gb/part:eng/ced:e58001632,Horsham Hurst ED,,,,
ocd-division/country:gb/part:eng/ced:e58001633,Horsham Riverside ED,,,,
ocd-division/country:gb/part:eng/ced:e58001634,Hurstpierpoint & Bolney ED,,,,
ocd-division/country:gb/part:eng/ced:e58001635,Imberdown ED,,,,
ocd-division/country:gb/part:eng/ced:e58001636,Lancing ED,,,,
ocd-division/country:gb/part:eng/ced:e58001637,Langley Green & Ifield East ED,,,,
ocd-division/country:gb/part:eng/ced:e58001638,Lindfield & High Weald ED,,,,
ocd-division/country:gb/part:eng/ced:e58001639,Littlehampton East ED,,,,
ocd-division/country:gb/part:eng/ced:e58001640,Littlehampton Town ED,,,,
ocd-division/country:gb/part:eng/ced:e58001641,Maidenbower & Worth ED,,,,
ocd-division/country:gb/part:eng/ced:e58001642,Middleton ED,,,,
ocd-division/country:gb/part:eng/ced:e58001643,Midhurst ED,,,,
ocd-division/country:gb/part:eng/ced:e58001644,Northbrook ED,,,,
ocd-division/country:gb/part:eng/ced:e58001645,Northgate & West Green ED,,,,
ocd-division/country:gb/part:eng/ced:e58001646,Nyetimber ED,,,,
ocd-division/country:gb/part:eng/ced:e58001647,Petworth ED,,,,
ocd-division/country:gb/part:eng/ced:e58001648,Pound Hill ED,,,,
ocd-division/country:gb/part:eng/ced:e58001649,Pulborough ED,,,,
ocd-division/country:gb/part:eng/ced:e58001650,Rother Valley ED,,,,
ocd-division/country:gb/part:eng/ced:e58001651,Rustington ED,,,,
ocd-division/country:gb/part:eng/ced:e58001652,Selsey ED,,,,
ocd-division/country:gb/part:eng/ced:e58001653,Shoreham North ED,,,,
ocd-division/country:gb/part:eng/ced:e58001654,Shoreham South ED,,,,
ocd-division/country:gb/part:eng/ced:e58001655,Sompting & North Lancing ED,,,,
ocd-division/country:gb/part:eng/ced:e58001656,Southgate & Gossops Green ED,,,,
ocd-division/country:gb/part:eng/ced:e58001657,Southwater & Nuthurst ED,,,,
ocd-division/country:gb/part:eng/ced:e58001658,Southwick ED,,,,
ocd-division/country:gb/part:eng/ced:e58001659,St. Leonard's Forest ED,,,,
ocd-division/country:gb/part:eng/ced:e58001660,Storrington ED,,,,
ocd-division/country:gb/part:eng/ced:e58001661,Tarring ED,,,,
ocd-division/country:gb/part:eng/ced:e58001662,The Witterings ED,,,,
ocd-division/country:gb/part:eng/ced:e58001663,Three Bridges ED,,,,
ocd-division/country:gb/part:eng/ced:e58001664,Tilgate & Furnace Green ED,,,,
ocd-division/country:gb/part:eng/ced:e58001665,Worth Forest ED,,,,
ocd-division/country:gb/part:eng/ced:e58001666,Worthing East ED,,,,
ocd-division/country:gb/part:eng/ced:e58001667,Worthing Pier ED,,,,
ocd-division/country:gb/part:eng/ced:e58001668,Worthing West ED,,,,
ocd-division/country:gb/part:eng/ced:e58001669,Alvechurch ED,,,,
ocd-division/country:gb/part:eng/ced:e58001670,Arrow Valley East ED,,,,
ocd-division/country:gb/part:eng/ced:e58001671,Arrow Valley West ED,,,,
ocd-division/country:gb/part:eng/ced:e58001672,Beacon ED,,,,
ocd-division/country:gb/part:eng/ced:e58001673,Bedwardine ED,,,,
ocd-division/country:gb/part:eng/ced:e58001674,Bewdley ED,,,,
ocd-division/country:gb/part:eng/ced:e58001675,Bowbrook ED,,,,
ocd-division/country:gb/part:eng/ced:e58001676,Bredon ED,,,,
ocd-division/country:gb/part:eng/ced:e58001677,Broadway ED,,,,
ocd-division/country:gb/part:eng/ced:e58001678,Bromsgrove Central ED,,,,
ocd-division/country:gb/part:eng/ced:e58001679,Bromsgrove East ED,,,,
ocd-division/country:gb/part:eng/ced:e58001680,Bromsgrove South ED,,,,
ocd-division/country:gb/part:eng/ced:e58001681,Bromsgrove West ED,,,,
ocd-division/country:gb/part:eng/ced:e58001682,Chaddesley ED,,,,
ocd-division/country:gb/part:eng/ced:e58001683,Claines ED,,,,
ocd-division/country:gb/part:eng/ced:e58001684,Clent Hills ED,,,,
ocd-division/country:gb/part:eng/ced:e58001685,"Cookley, Wolverley and Wribbenhall ED",,,,
ocd-division/country:gb/part:eng/ced:e58001686,Croome ED,,,,
ocd-division/country:gb/part:eng/ced:e58001687,Droitwich East ED,,,,
ocd-division/country:gb/part:eng/ced:e58001688,Droitwich West ED,,,,
ocd-division/country:gb/part:eng/ced:e58001689,Evesham North West ED,,,,
ocd-division/country:gb/part:eng/ced:e58001690,Evesham South ED,,,,
ocd-division/country:gb/part:eng/ced:e58001691,Gorse Hill and Warndon ED,,,,
ocd-division/country:gb/part:eng/ced:e58001692,Hallow ED,,,,
ocd-division/country:gb/part:eng/ced:e58001693,Harvington ED,,,,
ocd-division/country:gb/part:eng/ced:e58001694,Littletons ED,,,,
ocd-division/country:gb/part:eng/ced:e58001695,Malvern Chase ED,,,,
ocd-division/country:gb/part:eng/ced:e58001696,Malvern Langland ED,,,,
ocd-division/country:gb/part:eng/ced:e58001697,Malvern Link ED,,,,
ocd-division/country:gb/part:eng/ced:e58001698,Malvern Trinity ED,,,,
ocd-division/country:gb/part:eng/ced:e58001699,Nunnery ED,,,,
ocd-division/country:gb/part:eng/ced:e58001700,Ombersley ED,,,,
ocd-division/country:gb/part:eng/ced:e58001701,Pershore ED,,,,
ocd-division/country:gb/part:eng/ced:e58001702,Powick ED,,,,
ocd-division/country:gb/part:eng/ced:e58001703,Rainbow Hill ED,,,,
ocd-division/country:gb/part:eng/ced:e58001704,Redditch North ED,,,,
ocd-division/country:gb/part:eng/ced:e58001705,Redditch South ED,,,,
ocd-division/country:gb/part:eng/ced:e58001706,Riverside ED,,,,
ocd-division/country:gb/part:eng/ced:e58001707,St. Barnabas ED,,,,
ocd-division/country:gb/part:eng/ced:e58001708,St. Chads ED,,,,
ocd-division/country:gb/part:eng/ced:e58001709,St. Georges and St. Oswald ED,,,,
ocd-division/country:gb/part:eng/ced:e58001710,St. John ED,,,,
ocd-division/country:gb/part:eng/ced:e58001711,St. Johns ED,,,,
ocd-division/country:gb/part:eng/ced:e58001712,St. Marys ED,,,,
ocd-division/country:gb/part:eng/ced:e58001713,St. Peter ED,,,,
ocd-division/country:gb/part:eng/ced:e58001714,St. Stephen ED,,,,
ocd-division/country:gb/part:eng/ced:e58001715,Stourport-on-Severn ED,,,,
ocd-division/country:gb/part:eng/ced:e58001716,Tenbury ED,,,,
ocd-division/country:gb/part:eng/ced:e58001717,Upton Snodsbury ED,,,,
ocd-division/country:gb/part:eng/ced:e58001718,Warndon Parish ED,,,,
ocd-division/country:gb/part:eng/ced:e58001719,Woodvale ED,,,,
ocd-division/country:gb/part:eng/ced:e58001720,Wythall ED,,,,
ocd-division/country:gb/part:eng/ced:e58001721,Cirencester Beeches ED,,,,
ocd-division/country:gb/part:eng/ced:e58001722,Cirencester Park ED,,,,
ocd-division/country:gb/part:eng/ced:e58001723,South Cerney ED,,,,
ocd-division/country:gb/part:eng/ced:e58001724,Ashford Central ED,,,,
ocd-division/country:gb/part:eng/ced:e58001725,Ashford Rural East ED,,,,
ocd-division/country:gb/part:eng/ced:e58001726,Ashford Rural South ED,,,,
ocd-division/country:gb/part:eng/ced:e58001727,Ashford Rural West ED,,,,
ocd-division/country:gb/part:eng/ced:e58001728,Banbury Hardwick ED,,,,
ocd-division/country:gb/part:eng/ced:e58001729,Banbury Ruscote ED,,,,
ocd-division/country:gb/part:eng/ced:e58001730,Benson and Cholsey ED,,,,
ocd-division/country:gb/part:eng/ced:e58001731,Bloxham and Easington ED,,,,
ocd-division/country:gb/part:eng/ced:e58001732,Chalgrove and Watlington ED,,,,
ocd-division/country:gb/part:eng/ced:e58001733,Deddington ED,,,,
ocd-division/country:gb/part:eng/ced:e58001734,Didcot East and Hagbourne ED,,,,
ocd-division/country:gb/part:eng/ced:e58001735,Didcot Ladygrove ED,,,,
ocd-division/country:gb/part:eng/ced:e58001736,Didcot West ED,,,,
ocd-division/country:gb/part:eng/ced:e58001737,Goring ED,,,,
ocd-division/country:gb/part:eng/ced:e58001740,Kingston and Cumnor ED,,,,
ocd-division/country:gb/part:eng/ced:e58001745,Wallingford ED,,,,
ocd-division/country:gb/part:eng/ced:e58001746,Wheatley ED,,,,
ocd-division/country:gb/part:eng/ced:e58001747,Wroxton and Hook Norton ED,,,,
ocd-division/country:gb/part:eng/ced:e58001749,Eastgate and Moreton Hall ED,,,,
ocd-division/country:gb/part:eng/ced:e58001750,Hardwick ED,,,,
ocd-division/country:gb/part:eng/ced:e58001751,Haverhill East and Kedington ED,,,,
ocd-division/country:gb/part:eng/ced:e58001752,Thingoe North ED,,,,
ocd-division/country:gb/part:eng/ced:e58001753,Thingoe South ED,,,,
ocd-division/country:gb/part:eng/ced:e58001754,Tower ED,,,,
ocd-division/country:gb/part:eng/ced:e58001755,Henley-on-Thames ED,,,,
ocd-division/country:gb/part:eng/ced:e58001756,Sonning Common ED,,,,
ocd-division/country:gb/part:eng/ced:e58001757,Dunmow ED,,,,
ocd-division/country:gb/part:eng/ced:e58001758,Thaxted ED,,,,
ocd-division/country:gb/part:eng/ced:e58001759,Clare ED,,,,
ocd-division/country:gb/part:eng/ced:e58001760,Haverhill Cangle ED,,,,
ocd-division/country:gb/part:eng/ced:e58001761,Cottenham & Willingham ED,,,,
ocd-division/country:gb/part:eng/ced:e58001762,"Longstanton, Northstowe & Over ED",,,,
ocd-division/country:gb/part:eng/ced:e58001763,Otmoor ED,,,,
ocd-division/country:gb/part:eng/ced:e58001764,Ploughley ED,,,,
ocd-division/country:gb/part:eng/ced:e58001765,Abingdon East ED,,,,
ocd-division/country:gb/part:eng/ced:e58001766,Abingdon North ED,,,,
ocd-division/country:gb/part:eng/ced:e58001767,Grove & Wantage ED,,,,
ocd-division/country:gb/part:eng/ced:e58001768,Hendreds & Harwell ED,,,,
ocd-division/country:gb/part:eng/ced:e58001769,Kennington and Radley ED,,,,
ocd-division/country:gb/part:eng/ced:e58001770,Sutton Courtenay & Marcham ED,,,,
ocd-division/country:gb/part:eng/ced:e58001771,Cambourne ED,,,,
ocd-division/country:gb/part:eng/ced:e58001772,Hardwick ED,,,,
ocd-division/country:gb/part:eng/ced:e58001773,Papworth & Swavesey ED,,,,
ocd-division/country:gb/part:eng/ced:e58001774,Sawston & Shelford ED,,,,
ocd-division/country:gb/part:eng/ced:e58001775,Bishops Stortford East ED,,,,
ocd-division/country:gb/part:eng/ced:e58001776,Bishops Stortford Rural ED,,,,
ocd-division/country:gb/part:eng/ced:e58001777,Bishops Stortford West ED,,,,
ocd-division/country:gb/part:eng/ced:e58001778,Costessey ED,,,,
ocd-division/country:gb/part:eng/ced:e58001779,Humbleyard ED,,,,
ocd-division/country:gb/part:eng/ced:e58001780,Andover North ED,,,,
ocd-division/country:gb/part:eng/ced:e58001781,Andover South ED,,,,
ocd-division/country:gb/part:eng/ced:e58001782,Andover West ED,,,,
ocd-division/country:gb/part:eng/ced:e58001783,Baddesley ED,,,,
ocd-division/country:gb/part:eng/ced:e58001784,Romsey Rural ED,,,,
ocd-division/country:gb/part:eng/ced:e58001785,Romsey Town ED,,,,
ocd-division/country:gb/part:eng/ced:e58001786,Test Valley Central ED,,,,
ocd-division/country:gb/part:eng/ced:e58001787,Canterbury City South ED,,,,
ocd-division/country:gb/part:eng/ced:e58001788,Canterbury South ED,,,,
ocd-division/country:gb/part:eng/ced:e58001789,Malling Central ED,,,,
ocd-division/country:gb/part:eng/ced:e58001790,Malling Rural East ED,,,,
ocd-division/country:gb/part:eng/ced:e58001791,Bisley and Painswick ED,,,,
ocd-division/country:gb/part:eng/ced:e58001792,Minchinhampton ED,,,,
ocd-division/country:gb/part:eng/ced:e58001793,Nailsworth ED,,,,
ocd-division/country:gb/part:eng/ced:e58001794,Rodborough ED,,,,
ocd-division/country:gb/part:eng/ced:e58001795,Stroud Central ED,,,,
