id,name,validFrom,validThrough
ocd-division/country:ru/state:ad/ed:adygea,Adygea,,
ocd-division/country:ru/state:al/ed:altai,Altai,,
ocd-division/country:ru/state:alt/ed:40,Rubtsovsky,,2025-05-23
ocd-division/country:ru/state:alt/ed:barnaulsky,Barnaulsky,,
ocd-division/country:ru/state:alt/ed:biysk,Biysk,,
ocd-division/country:ru/state:alt/ed:slavgorod,Slavgorod,,
ocd-division/country:ru/state:amu/ed:amursky,Amursky,,
ocd-division/country:ru/state:ark/ed:arkhangelsky,Arkhangelsky,,
ocd-division/country:ru/state:ark/ed:kotlas,Kotlas,,
ocd-division/country:ru/state:ast/ed:astrakhan,Astrakhan,,
ocd-division/country:ru/state:ba/ed:beloretsky,Beloretsky,,
ocd-division/country:ru/state:ba/ed:blagoveshchensky,Blagoveshchensky,,
ocd-division/country:ru/state:ba/ed:neftekamsk,Neftekamsk,,
ocd-division/country:ru/state:ba/ed:salavat,Salavat,,
ocd-division/country:ru/state:ba/ed:sterlitamak,Sterlitamak,,
ocd-division/country:ru/state:ba/ed:ufimsky,Ufimsky,,
ocd-division/country:ru/state:bel/ed:belgorodsky,Belgorodsky,,
ocd-division/country:ru/state:bel/ed:stary_oskol,Stary Oskol,,
ocd-division/country:ru/state:bry/ed:bryansky,Bryansky,,
ocd-division/country:ru/state:bry/ed:unecha,Unecha,,
ocd-division/country:ru/state:bu/ed:buryatia,Buryatia,,
ocd-division/country:ru/state:ce/ed:chechnya,Chechnya,,
ocd-division/country:ru/state:che/ed:chelyabinsk,Chelyabinsk,,
ocd-division/country:ru/state:che/ed:korkino,Korkino,,
ocd-division/country:ru/state:che/ed:magnitogorsk,Magnitogorsk,,
ocd-division/country:ru/state:che/ed:metallurgichesky,Metallurgichesky,,
ocd-division/country:ru/state:che/ed:zlatoust,Zlatoust,,
ocd-division/country:ru/state:chu/ed:chukotsky,Chukotsky,,
ocd-division/country:ru/state:cu/ed:cheboksarsky,Cheboksarsky,,
ocd-division/country:ru/state:cu/ed:kanash,Kanash,,
ocd-division/country:ru/state:da/ed:buynaksk,Buynaksk,,
ocd-division/country:ru/state:da/ed:derbent,Derbent,,
ocd-division/country:ru/state:da/ed:makhachkala,Makhachkala,,
ocd-division/country:ru/state:in/ed:ingushetia,Ingushetia,,
ocd-division/country:ru/state:irk/ed:angarsk,Angarsk,,
ocd-division/country:ru/state:irk/ed:bratsk,Bratsk,,
ocd-division/country:ru/state:irk/ed:irkutsky,Irkutsky,,
ocd-division/country:ru/state:irk/ed:shelekhov,Shelekhov,,
ocd-division/country:ru/state:iva/ed:91,Ivanovo,,2025-05-23
ocd-division/country:ru/state:iva/ed:92,Kineshma,,2025-05-23
ocd-division/country:ru/state:iva/ed:ivanovo,Ivanovo,2025-05-23,
ocd-division/country:ru/state:kam/ed:kamchatka,Kamchatka,,
ocd-division/country:ru/state:kb/ed:kabardino-balkaria,Kabardino-Balkaria,,
ocd-division/country:ru/state:kc/ed:karachay-cherkessia,Karachay-Cherkessia,,
ocd-division/country:ru/state:kda/ed:46,Krasnodar,,2025-05-23
ocd-division/country:ru/state:kda/ed:47,Krasnoarmeyskiy,,2025-05-23
ocd-division/country:ru/state:kda/ed:48,Slavic,,2025-05-23
ocd-division/country:ru/state:kda/ed:49,Tuapse,,2025-05-23
ocd-division/country:ru/state:kda/ed:50,Sochi,,2025-05-23
ocd-division/country:ru/state:kda/ed:51,Tikhoretsk,,2025-05-23
ocd-division/country:ru/state:kda/ed:52,Armavir,,2025-05-23
ocd-division/country:ru/state:kda/ed:53,Kanev,,2025-05-23
ocd-division/country:ru/state:kda/ed:chernomorsky,Chernomorsky,2025-05-23,
ocd-division/country:ru/state:kda/ed:krasnodar_-_central,Krasnodar - Central,2025-05-23,
ocd-division/country:ru/state:kda/ed:krasnodar_-_east,Krasnodar - East,2025-05-23,
ocd-division/country:ru/state:kda/ed:krasnodar_-_north-west,Krasnodar - North-West,2025-05-23,
ocd-division/country:ru/state:kda/ed:krasnodar_-_north,Krasnodar - North,2025-05-23,
ocd-division/country:ru/state:kda/ed:krasnodar_-_south-east,Krasnodar - South-East,2025-05-23,
ocd-division/country:ru/state:kda/ed:krasnodar_-_south-west,Krasnodar - South-West,2025-05-23,
ocd-division/country:ru/state:kda/ed:krasnodar_-_south,Krasnodar - South,2025-05-23,
ocd-division/country:ru/state:kda/ed:krasnodar_-_west,Krasnodar - West,2025-05-23,
ocd-division/country:ru/state:kem/ed:kemerovsky,Kemerovsky,,
ocd-division/country:ru/state:kem/ed:novokuznetsky,Novokuznetsky,,
ocd-division/country:ru/state:kem/ed:prokopyevsky,Prokopyevsky,,
ocd-division/country:ru/state:kem/ed:zavodsky,Zavodsky,,
ocd-division/country:ru/state:kgd/ed:kaliningrad_-_central,Kaliningrad - Central,,
ocd-division/country:ru/state:kgd/ed:kaliningradsky,Kaliningradsky,,
ocd-division/country:ru/state:kgn/ed:kurgan,Kurgan,,
ocd-division/country:ru/state:kha/ed:khabarovsky,Khabarovsky,,
ocd-division/country:ru/state:kha/ed:komsomolsky,Komsomolsky,,
ocd-division/country:ru/state:khm/ed:khanty-mansiysky,Khanty-Mansiysky,,
ocd-division/country:ru/state:khm/ed:nizhnevartovsky,Nizhnevartovsky,,
ocd-division/country:ru/state:kir/ed:kirovo-chepetsky,Kirovo-Chepetsky,,
ocd-division/country:ru/state:kir/ed:kirovsky,Kirovsky,,
ocd-division/country:ru/state:kk/ed:khakassia,Khakassia,,
ocd-division/country:ru/state:kl/ed:kalmykia,Kalmykia,,
ocd-division/country:ru/state:klu/ed:100,Obninsk,,2025-05-23
ocd-division/country:ru/state:klu/ed:99,Kaluga,,2025-05-23
ocd-division/country:ru/state:klu/ed:kaluga,Kaluga,2025-05-23,
ocd-division/country:ru/state:ko/ed:syktyvkar,Syktyvkar,,
ocd-division/country:ru/state:kos/ed:kostroma,Kostroma,,
ocd-division/country:ru/state:kr/ed:karelia,Karelia,,
ocd-division/country:ru/state:krs/ed:kursky,Kursky,,
ocd-division/country:ru/state:krs/ed:seimsky,Seimsky,,
ocd-division/country:ru/state:kya/ed:divnogorsk,Divnogorsk,,
ocd-division/country:ru/state:kya/ed:krasnoyarsk_-_central,Krasnoyarsk - Central,,
ocd-division/country:ru/state:kya/ed:krasnoyarsky,Krasnoyarsky,,
ocd-division/country:ru/state:kya/ed:yeniseysk,Yeniseysk,,
ocd-division/country:ru/state:len/ed:gatchina,Gatchina,,
ocd-division/country:ru/state:len/ed:volkhovsky,Volkhovsky,,
ocd-division/country:ru/state:len/ed:vsevolozhsky,Vsevolozhsky,,
ocd-division/country:ru/state:lip/ed:levoberezhny,Levoberezhny,,
ocd-division/country:ru/state:lip/ed:lipetsky,Lipetsky,,
ocd-division/country:ru/state:mag/ed:magadan,Magadan,,
ocd-division/country:ru/state:me/ed:mari_el,Mari El,,
ocd-division/country:ru/state:mo/ed:mordovia,Mordovia,,
ocd-division/country:ru/state:mos/ed:balashikha,Balashikha,,
ocd-division/country:ru/state:mos/ed:dmitrovsky,Dmitrovsky,,
ocd-division/country:ru/state:mos/ed:kolomensky,Kolomensky,,
ocd-division/country:ru/state:mos/ed:krasnogorsky,Krasnogorsky,,
ocd-division/country:ru/state:mos/ed:lyubertsy,Lyubertsy,,
ocd-division/country:ru/state:mos/ed:mytishchinsky,Mytishchinsky,2025-05-23,
ocd-division/country:ru/state:mos/ed:odintsovo,Odintsovo,,
ocd-division/country:ru/state:mos/ed:orekhovo-zuyevo,Orekhovo-Zuyevo,,
ocd-division/country:ru/state:mos/ed:podolsk,Podolsk,,
ocd-division/country:ru/state:mos/ed:sergiyev_posad,Sergiyev Posad,,
ocd-division/country:ru/state:mos/ed:serpukhov,Serpukhov,,
ocd-division/country:ru/state:mos/ed:shchyolkovo,Shchyolkovo,,
ocd-division/country:ru/state:mow/ed:babushkinsky,Babushkinsky,,
ocd-division/country:ru/state:mow/ed:chertanovsky,Chertanovsky,,
ocd-division/country:ru/state:mow/ed:cheryomushkinsky,Cheryomushkinsky,,
ocd-division/country:ru/state:mow/ed:khovrino,Khovrino,,
ocd-division/country:ru/state:mow/ed:kuntsevo,Kuntsevo,,
ocd-division/country:ru/state:mow/ed:leningradsky,Leningradsky,,
ocd-division/country:ru/state:mow/ed:lyublino,Lyublino,,
ocd-division/country:ru/state:mow/ed:medvedkovo,Medvedkovo,,
ocd-division/country:ru/state:mow/ed:moscow_city_-_central,Moscow City - Central,,
ocd-division/country:ru/state:mow/ed:nagatino,Nagatino,,
ocd-division/country:ru/state:mow/ed:novomoskovsky,Novomoskovsky,,
ocd-division/country:ru/state:mow/ed:orekhovo-borisovo,Orekhovo–Borisovo,,
ocd-division/country:ru/state:mow/ed:perovo,Perovo,,
ocd-division/country:ru/state:mow/ed:preobrazhensky,Preobrazhensky,,
ocd-division/country:ru/state:mow/ed:solntsevsky,Solntsevsky,2025-05-23,
ocd-division/country:ru/state:mow/ed:tushinsky,Tushinsky,,
ocd-division/country:ru/state:mur/ed:murmansk,Murmansk,,
ocd-division/country:ru/state:nen/ed:nenetsky,Nenetsky,,
ocd-division/country:ru/state:ngr/ed:novgorod,Novgorod,,
ocd-division/country:ru/state:niz/ed:avtozavodsky,Avtozavodsky,,
ocd-division/country:ru/state:niz/ed:borsky,Borsky,,
ocd-division/country:ru/state:niz/ed:kanavinsky,Kanavinsky,,
ocd-division/country:ru/state:niz/ed:nizhegorodsky,Nizhegorodsky,,
ocd-division/country:ru/state:niz/ed:prioksky,Prioksky,,
ocd-division/country:ru/state:nvs/ed:barabinsk,Barabinsk,,
ocd-division/country:ru/state:nvs/ed:iskitim,Iskitim,,
ocd-division/country:ru/state:nvs/ed:novosibirsk_-_central,Novosibirsk - Central,,
ocd-division/country:ru/state:nvs/ed:novosibirsky,Novosibirsky,,
ocd-division/country:ru/state:oms/ed:lyubinsky,Lyubinsky,,
ocd-division/country:ru/state:oms/ed:moskalenki,Moskalenki,,
ocd-division/country:ru/state:oms/ed:omsky,Omsky,,
ocd-division/country:ru/state:ore/ed:buguruslan,Buguruslan,,
ocd-division/country:ru/state:ore/ed:orenburgsky,Orenburgsky,,
ocd-division/country:ru/state:ore/ed:orsk,Orsk,,
ocd-division/country:ru/state:orl/ed:orlovsky,Orlovsky,,
ocd-division/country:ru/state:per/ed:chusovskoy,Chusovskoy,,
ocd-division/country:ru/state:per/ed:kudymkar,Kudymkar,,
ocd-division/country:ru/state:per/ed:kungur,Kungur,,
ocd-division/country:ru/state:per/ed:permsky,Permsky,,
ocd-division/country:ru/state:pnz/ed:lermontovsky,Lermontovsky,,
ocd-division/country:ru/state:pnz/ed:penza,Penza,,
ocd-division/country:ru/state:pri/ed:arsenyev,Arsenyev,,
ocd-division/country:ru/state:pri/ed:artyomovsky,Artyomovsky,,
ocd-division/country:ru/state:pri/ed:vladivostoksky,Vladivostoksky,,
ocd-division/country:ru/state:psk/ed:pskov,Pskov,,
ocd-division/country:ru/state:ros/ed:150,Lower Don,,2025-05-23
ocd-division/country:ru/state:ros/ed:151,Taganrog,,2025-05-23
ocd-division/country:ru/state:ros/ed:152,Southern,,2025-05-23
ocd-division/country:ru/state:ros/ed:153,Belokalitvin,,2025-05-23
ocd-division/country:ru/state:ros/ed:154,Shakhty,,2025-05-23
ocd-division/country:ru/state:ros/ed:155,Volgodonsk,,2025-05-23
ocd-division/country:ru/state:ros/ed:bataysk,Bataysk,2025-05-23,
ocd-division/country:ru/state:ros/ed:belokalitvinskiy,Belokalitvinskiy,2025-05-23,
ocd-division/country:ru/state:ros/ed:neklinovsky,Neklinovsky,2025-05-23,
ocd-division/country:ru/state:ros/ed:novocherkassky,Novocherkassky,2025-05-23,
ocd-division/country:ru/state:ros/ed:rostov,Rostov,,
ocd-division/country:ru/state:ros/ed:ust-donetsky,Ust-Donetsky,2025-05-23,
ocd-division/country:ru/state:rya/ed:ryazansky,Ryazansky,,
ocd-division/country:ru/state:rya/ed:skopin,Skopin,,
ocd-division/country:ru/state:sa/ed:yakutia,Yakutia,,
ocd-division/country:ru/state:sak/ed:sakhalin,Sakhalin,,
ocd-division/country:ru/state:sam/ed:krasnoglinsky,Krasnoglinsky,,
ocd-division/country:ru/state:sam/ed:promyshlenny,Promyshlenny,,
ocd-division/country:ru/state:sam/ed:samarsky,Samarsky,,
ocd-division/country:ru/state:sam/ed:tolyattinsky,Tolyattinsky,,
ocd-division/country:ru/state:sam/ed:zhigulevsk,Zhigulevsk,,
ocd-division/country:ru/state:sar/ed:balakovo,Balakovo,,
ocd-division/country:ru/state:sar/ed:balashov,Balashov,,
ocd-division/country:ru/state:sar/ed:engels,Engels,,
ocd-division/country:ru/state:sar/ed:saratovsky,Saratovsky,,
ocd-division/country:ru/state:se/ed:north_ossetia,North Ossetia,,
ocd-division/country:ru/state:smo/ed:175,Smolensk,,2025-05-23
ocd-division/country:ru/state:smo/ed:176,Roslavl,,2025-05-23
ocd-division/country:ru/state:smo/ed:smolensk,Smolensk,2025-05-23,
ocd-division/country:ru/state:spe/ed:city_of_saint_petersburg_-_central,City of Saint Petersburg - Central,,
ocd-division/country:ru/state:spe/ed:city_of_saint_petersburg_-_east,City of Saint Petersburg - East,,
ocd-division/country:ru/state:spe/ed:city_of_saint_petersburg_-_north-east,City of Saint Petersburg - North-East,,
ocd-division/country:ru/state:spe/ed:city_of_saint_petersburg_-_north-west,City of Saint Petersburg - North-West,,
ocd-division/country:ru/state:spe/ed:city_of_saint_petersburg_-_north,City of Saint Petersburg - North,,
ocd-division/country:ru/state:spe/ed:city_of_saint_petersburg_-_south-east,City of Saint Petersburg - South-East,,
ocd-division/country:ru/state:spe/ed:city_of_saint_petersburg_-_south,City of Saint Petersburg - South,,
ocd-division/country:ru/state:spe/ed:city_of_saint_petersburg_-_west,City of Saint Petersburg - West,,
ocd-division/country:ru/state:sta/ed:georgiyevsk,Georgiyevsk,,
ocd-division/country:ru/state:sta/ed:kavminvodsky,Kavminvodsky,,
ocd-division/country:ru/state:sta/ed:nevinnomyssk,Nevinnomyssk,,
ocd-division/country:ru/state:sta/ed:stavropolsky,Stavropolsky,,
ocd-division/country:ru/state:sve/ed:asbest,Asbest,,
ocd-division/country:ru/state:sve/ed:beryozovsky,Beryozovsky,,
ocd-division/country:ru/state:sve/ed:kamensk-uralsky,Kamensk-Uralsky,,
ocd-division/country:ru/state:sve/ed:nizhny_tagil,Nizhny Tagil,,
ocd-division/country:ru/state:sve/ed:pervouralsk,Pervouralsk,,
ocd-division/country:ru/state:sve/ed:serov,Serov,,
ocd-division/country:ru/state:sve/ed:sverdlovsky,Sverdlovsky,,
ocd-division/country:ru/state:ta/ed:almetyevsk,Almetyevsk,,
ocd-division/country:ru/state:ta/ed:moskovsky,Moskovsky,,
ocd-division/country:ru/state:ta/ed:naberezhnye_chelny,Naberezhnye Chelny,,
ocd-division/country:ru/state:ta/ed:nizhnekamsk,Nizhnekamsk,,
ocd-division/country:ru/state:ta/ed:privolzhsky,Privolzhsky,,
ocd-division/country:ru/state:ta/ed:tatarstan_central,Tatarstan Central,,
ocd-division/country:ru/state:tam/ed:177,Tambov,,2025-05-23
ocd-division/country:ru/state:tam/ed:178,Rasskazovsky,,2025-05-23
ocd-division/country:ru/state:tam/ed:tambov,Tambov,2025-05-23,
ocd-division/country:ru/state:tom/ed:181,Tomsk,,2025-05-23
ocd-division/country:ru/state:tom/ed:182,Obsk,,2025-05-23
ocd-division/country:ru/state:tom/ed:tomsk,Tomsk,2025-05-23,
ocd-division/country:ru/state:tul/ed:novomoskovsk,Novomoskovsk,,
ocd-division/country:ru/state:tul/ed:tulsky,Tulsky,,
ocd-division/country:ru/state:tve/ed:tverskoy,Tverskoy,,
ocd-division/country:ru/state:tve/ed:zavolzhsky,Zavolzhsky,,
ocd-division/country:ru/state:ty/ed:tuva,Tuva,,
ocd-division/country:ru/state:tyu/ed:tyumen,Tyumen,,
ocd-division/country:ru/state:tyu/ed:zavodoukovsk,Zavodoukovsk,,
ocd-division/country:ru/state:ud/ed:izhevsky,Izhevsky,,
ocd-division/country:ru/state:ud/ed:udmurtia,Udmurtia,,
ocd-division/country:ru/state:uly/ed:radishchevsky,Radishchevsky,,
ocd-division/country:ru/state:uly/ed:ulyanovsk,Ulyanovsk,,
ocd-division/country:ru/state:vgg/ed:82,Krasnoarmeysk,,2025-05-23
ocd-division/country:ru/state:vgg/ed:mikhaylovsky,Mikhaylovsky,,
ocd-division/country:ru/state:vgg/ed:volgogradsky,Volgogradsky,,
ocd-division/country:ru/state:vgg/ed:volzhsky,Volzhsky,,
ocd-division/country:ru/state:vla/ed:suzdalsky,Suzdalsky,,
ocd-division/country:ru/state:vla/ed:vladimirsky,Vladimirsky,,
ocd-division/country:ru/state:vlg/ed:cherepovets,Cherepovets,,
ocd-division/country:ru/state:vlg/ed:vologodsky,Vologodsky,,
ocd-division/country:ru/state:vor/ed:88,Right-bank,,2025-05-23
ocd-division/country:ru/state:vor/ed:anninsky,Anninsky,,
ocd-division/country:ru/state:vor/ed:pavlovsky,Pavlovsky,,
ocd-division/country:ru/state:vor/ed:voronezhsky,Voronezhsky,,
ocd-division/country:ru/state:yan/ed:yamalo-nenetsky,Yamalo-Nenetsky,,
ocd-division/country:ru/state:yar/ed:rostovsky,Rostovsky,,
ocd-division/country:ru/state:yar/ed:yaroslavl,Yaroslavl,,
ocd-division/country:ru/state:yev/ed:jewish,Jewish,,
ocd-division/country:ru/state:zab/ed:43,Chita,,2025-05-23
ocd-division/country:ru/state:zab/ed:44,Daursky,,2025-05-23
ocd-division/country:ru/state:zab/ed:zabaykalsky,Zabaykalsky,2025-05-23,